filename,filepath,x,y,split
train_00000_x28_y47.png,images/train/train_00000_x28_y47.png,28,47,train
train_00001_x22_y14.png,images/train/train_00001_x22_y14.png,22,14,train
train_00002_x21_y14.png,images/train/train_00002_x21_y14.png,21,14,train
train_00003_x45_y37.png,images/train/train_00003_x45_y37.png,45,37,train
train_00004_x30_y37.png,images/train/train_00004_x30_y37.png,30,37,train
train_00005_x13_y18.png,images/train/train_00005_x13_y18.png,13,18,train
train_00006_x31_y33.png,images/train/train_00006_x31_y33.png,31,33,train
train_00007_x48_y4.png,images/train/train_00007_x48_y4.png,48,4,train
train_00008_x9_y47.png,images/train/train_00008_x9_y47.png,9,47,train
train_00009_x49_y30.png,images/train/train_00009_x49_y30.png,49,30,train
train_00010_x9_y21.png,images/train/train_00010_x9_y21.png,9,21,train
train_00011_x4_y46.png,images/train/train_00011_x4_y46.png,4,46,train
train_00012_x18_y23.png,images/train/train_00012_x18_y23.png,18,23,train
train_00013_x22_y31.png,images/train/train_00013_x22_y31.png,22,31,train
train_00014_x13_y20.png,images/train/train_00014_x13_y20.png,13,20,train
train_00015_x18_y16.png,images/train/train_00015_x18_y16.png,18,16,train
train_00016_x28_y14.png,images/train/train_00016_x28_y14.png,28,14,train
train_00017_x32_y6.png,images/train/train_00017_x32_y6.png,32,6,train
train_00018_x8_y2.png,images/train/train_00018_x8_y2.png,8,2,train
train_00019_x22_y3.png,images/train/train_00019_x22_y3.png,22,3,train
train_00020_x41_y22.png,images/train/train_00020_x41_y22.png,41,22,train
train_00021_x14_y19.png,images/train/train_00021_x14_y19.png,14,19,train
train_00022_x40_y11.png,images/train/train_00022_x40_y11.png,40,11,train
train_00023_x48_y36.png,images/train/train_00023_x48_y36.png,48,36,train
train_00024_x3_y46.png,images/train/train_00024_x3_y46.png,3,46,train
train_00025_x17_y41.png,images/train/train_00025_x17_y41.png,17,41,train
train_00026_x25_y14.png,images/train/train_00026_x25_y14.png,25,14,train
train_00027_x20_y34.png,images/train/train_00027_x20_y34.png,20,34,train
train_00028_x26_y25.png,images/train/train_00028_x26_y25.png,26,25,train
train_00029_x10_y9.png,images/train/train_00029_x10_y9.png,10,9,train
train_00030_x28_y27.png,images/train/train_00030_x28_y27.png,28,27,train
train_00031_x3_y44.png,images/train/train_00031_x3_y44.png,3,44,train
train_00032_x23_y29.png,images/train/train_00032_x23_y29.png,23,29,train
train_00033_x40_y32.png,images/train/train_00033_x40_y32.png,40,32,train
train_00034_x18_y32.png,images/train/train_00034_x18_y32.png,18,32,train
train_00035_x22_y24.png,images/train/train_00035_x22_y24.png,22,24,train
train_00036_x36_y22.png,images/train/train_00036_x36_y22.png,36,22,train
train_00037_x27_y16.png,images/train/train_00037_x27_y16.png,27,16,train
train_00038_x39_y42.png,images/train/train_00038_x39_y42.png,39,42,train
train_00039_x25_y8.png,images/train/train_00039_x25_y8.png,25,8,train
train_00040_x45_y24.png,images/train/train_00040_x45_y24.png,45,24,train
train_00041_x25_y23.png,images/train/train_00041_x25_y23.png,25,23,train
train_00042_x38_y36.png,images/train/train_00042_x38_y36.png,38,36,train
train_00043_x25_y16.png,images/train/train_00043_x25_y16.png,25,16,train
train_00044_x15_y22.png,images/train/train_00044_x15_y22.png,15,22,train
train_00045_x32_y8.png,images/train/train_00045_x32_y8.png,32,8,train
train_00046_x26_y11.png,images/train/train_00046_x26_y11.png,26,11,train
train_00047_x2_y34.png,images/train/train_00047_x2_y34.png,2,34,train
train_00048_x37_y5.png,images/train/train_00048_x37_y5.png,37,5,train
train_00049_x47_y49.png,images/train/train_00049_x47_y49.png,47,49,train
train_00050_x8_y20.png,images/train/train_00050_x8_y20.png,8,20,train
train_00051_x35_y5.png,images/train/train_00051_x35_y5.png,35,5,train
train_00052_x14_y7.png,images/train/train_00052_x14_y7.png,14,7,train
train_00053_x1_y43.png,images/train/train_00053_x1_y43.png,1,43,train
train_00054_x1_y6.png,images/train/train_00054_x1_y6.png,1,6,train
train_00055_x4_y18.png,images/train/train_00055_x4_y18.png,4,18,train
train_00056_x20_y36.png,images/train/train_00056_x20_y36.png,20,36,train
train_00057_x25_y43.png,images/train/train_00057_x25_y43.png,25,43,train
train_00058_x39_y2.png,images/train/train_00058_x39_y2.png,39,2,train
train_00059_x28_y49.png,images/train/train_00059_x28_y49.png,28,49,train
train_00060_x47_y9.png,images/train/train_00060_x47_y9.png,47,9,train
train_00061_x29_y15.png,images/train/train_00061_x29_y15.png,29,15,train
train_00062_x5_y48.png,images/train/train_00062_x5_y48.png,5,48,train
train_00063_x43_y27.png,images/train/train_00063_x43_y27.png,43,27,train
train_00064_x3_y28.png,images/train/train_00064_x3_y28.png,3,28,train
train_00065_x23_y37.png,images/train/train_00065_x23_y37.png,23,37,train
train_00066_x29_y22.png,images/train/train_00066_x29_y22.png,29,22,train
train_00067_x3_y38.png,images/train/train_00067_x3_y38.png,3,38,train
train_00068_x11_y22.png,images/train/train_00068_x11_y22.png,11,22,train
train_00069_x8_y33.png,images/train/train_00069_x8_y33.png,8,33,train
train_00070_x10_y18.png,images/train/train_00070_x10_y18.png,10,18,train
train_00071_x46_y46.png,images/train/train_00071_x46_y46.png,46,46,train
train_00072_x45_y21.png,images/train/train_00072_x45_y21.png,45,21,train
train_00073_x21_y34.png,images/train/train_00073_x21_y34.png,21,34,train
train_00074_x25_y38.png,images/train/train_00074_x25_y38.png,25,38,train
train_00075_x22_y23.png,images/train/train_00075_x22_y23.png,22,23,train
train_00076_x26_y41.png,images/train/train_00076_x26_y41.png,26,41,train
train_00077_x45_y6.png,images/train/train_00077_x45_y6.png,45,6,train
train_00078_x29_y40.png,images/train/train_00078_x29_y40.png,29,40,train
train_00079_x0_y43.png,images/train/train_00079_x0_y43.png,0,43,train
train_00080_x37_y28.png,images/train/train_00080_x37_y28.png,37,28,train
train_00081_x9_y0.png,images/train/train_00081_x9_y0.png,9,0,train
train_00082_x40_y45.png,images/train/train_00082_x40_y45.png,40,45,train
train_00083_x0_y44.png,images/train/train_00083_x0_y44.png,0,44,train
train_00084_x25_y33.png,images/train/train_00084_x25_y33.png,25,33,train
train_00085_x39_y17.png,images/train/train_00085_x39_y17.png,39,17,train
train_00086_x41_y40.png,images/train/train_00086_x41_y40.png,41,40,train
train_00087_x5_y4.png,images/train/train_00087_x5_y4.png,5,4,train
train_00088_x38_y45.png,images/train/train_00088_x38_y45.png,38,45,train
train_00089_x37_y24.png,images/train/train_00089_x37_y24.png,37,24,train
train_00090_x37_y12.png,images/train/train_00090_x37_y12.png,37,12,train
train_00091_x11_y14.png,images/train/train_00091_x11_y14.png,11,14,train
train_00092_x4_y12.png,images/train/train_00092_x4_y12.png,4,12,train
train_00093_x17_y16.png,images/train/train_00093_x17_y16.png,17,16,train
train_00094_x14_y42.png,images/train/train_00094_x14_y42.png,14,42,train
train_00095_x25_y1.png,images/train/train_00095_x25_y1.png,25,1,train
train_00096_x20_y47.png,images/train/train_00096_x20_y47.png,20,47,train
train_00097_x34_y36.png,images/train/train_00097_x34_y36.png,34,36,train
train_00098_x20_y17.png,images/train/train_00098_x20_y17.png,20,17,train
train_00099_x3_y20.png,images/train/train_00099_x3_y20.png,3,20,train
train_00100_x41_y46.png,images/train/train_00100_x41_y46.png,41,46,train
train_00101_x49_y37.png,images/train/train_00101_x49_y37.png,49,37,train
train_00102_x44_y17.png,images/train/train_00102_x44_y17.png,44,17,train
train_00103_x35_y47.png,images/train/train_00103_x35_y47.png,35,47,train
train_00104_x10_y44.png,images/train/train_00104_x10_y44.png,10,44,train
train_00105_x24_y21.png,images/train/train_00105_x24_y21.png,24,21,train
train_00106_x9_y13.png,images/train/train_00106_x9_y13.png,9,13,train
train_00107_x19_y38.png,images/train/train_00107_x19_y38.png,19,38,train
train_00108_x26_y21.png,images/train/train_00108_x26_y21.png,26,21,train
train_00109_x12_y2.png,images/train/train_00109_x12_y2.png,12,2,train
train_00110_x26_y36.png,images/train/train_00110_x26_y36.png,26,36,train
train_00111_x46_y39.png,images/train/train_00111_x46_y39.png,46,39,train
train_00112_x25_y10.png,images/train/train_00112_x25_y10.png,25,10,train
train_00113_x42_y14.png,images/train/train_00113_x42_y14.png,42,14,train
train_00114_x16_y7.png,images/train/train_00114_x16_y7.png,16,7,train
train_00115_x17_y36.png,images/train/train_00115_x17_y36.png,17,36,train
train_00116_x31_y32.png,images/train/train_00116_x31_y32.png,31,32,train
train_00117_x32_y14.png,images/train/train_00117_x32_y14.png,32,14,train
train_00118_x36_y37.png,images/train/train_00118_x36_y37.png,36,37,train
train_00119_x37_y23.png,images/train/train_00119_x37_y23.png,37,23,train
train_00120_x5_y32.png,images/train/train_00120_x5_y32.png,5,32,train
train_00121_x4_y10.png,images/train/train_00121_x4_y10.png,4,10,train
train_00122_x2_y11.png,images/train/train_00122_x2_y11.png,2,11,train
train_00123_x38_y20.png,images/train/train_00123_x38_y20.png,38,20,train
train_00124_x43_y15.png,images/train/train_00124_x43_y15.png,43,15,train
train_00125_x9_y7.png,images/train/train_00125_x9_y7.png,9,7,train
train_00126_x16_y19.png,images/train/train_00126_x16_y19.png,16,19,train
train_00127_x43_y34.png,images/train/train_00127_x43_y34.png,43,34,train
train_00128_x33_y5.png,images/train/train_00128_x33_y5.png,33,5,train
train_00129_x5_y2.png,images/train/train_00129_x5_y2.png,5,2,train
train_00130_x5_y1.png,images/train/train_00130_x5_y1.png,5,1,train
train_00131_x30_y39.png,images/train/train_00131_x30_y39.png,30,39,train
train_00132_x42_y29.png,images/train/train_00132_x42_y29.png,42,29,train
train_00133_x38_y26.png,images/train/train_00133_x38_y26.png,38,26,train
train_00134_x20_y18.png,images/train/train_00134_x20_y18.png,20,18,train
train_00135_x8_y22.png,images/train/train_00135_x8_y22.png,8,22,train
train_00136_x23_y25.png,images/train/train_00136_x23_y25.png,23,25,train
train_00137_x12_y20.png,images/train/train_00137_x12_y20.png,12,20,train
train_00138_x3_y23.png,images/train/train_00138_x3_y23.png,3,23,train
train_00139_x9_y36.png,images/train/train_00139_x9_y36.png,9,36,train
train_00140_x39_y35.png,images/train/train_00140_x39_y35.png,39,35,train
train_00141_x21_y30.png,images/train/train_00141_x21_y30.png,21,30,train
train_00142_x22_y17.png,images/train/train_00142_x22_y17.png,22,17,train
train_00143_x27_y7.png,images/train/train_00143_x27_y7.png,27,7,train
train_00144_x20_y41.png,images/train/train_00144_x20_y41.png,20,41,train
train_00145_x21_y40.png,images/train/train_00145_x21_y40.png,21,40,train
train_00146_x27_y5.png,images/train/train_00146_x27_y5.png,27,5,train
train_00147_x4_y11.png,images/train/train_00147_x4_y11.png,4,11,train
train_00148_x12_y13.png,images/train/train_00148_x12_y13.png,12,13,train
train_00149_x42_y49.png,images/train/train_00149_x42_y49.png,42,49,train
train_00150_x9_y14.png,images/train/train_00150_x9_y14.png,9,14,train
train_00151_x29_y17.png,images/train/train_00151_x29_y17.png,29,17,train
train_00152_x11_y4.png,images/train/train_00152_x11_y4.png,11,4,train
train_00153_x18_y7.png,images/train/train_00153_x18_y7.png,18,7,train
train_00154_x19_y43.png,images/train/train_00154_x19_y43.png,19,43,train
train_00155_x39_y18.png,images/train/train_00155_x39_y18.png,39,18,train
train_00156_x35_y38.png,images/train/train_00156_x35_y38.png,35,38,train
train_00157_x31_y48.png,images/train/train_00157_x31_y48.png,31,48,train
train_00158_x1_y46.png,images/train/train_00158_x1_y46.png,1,46,train
train_00159_x39_y14.png,images/train/train_00159_x39_y14.png,39,14,train
train_00160_x27_y14.png,images/train/train_00160_x27_y14.png,27,14,train
train_00161_x38_y24.png,images/train/train_00161_x38_y24.png,38,24,train
train_00162_x12_y11.png,images/train/train_00162_x12_y11.png,12,11,train
train_00163_x8_y45.png,images/train/train_00163_x8_y45.png,8,45,train
train_00164_x4_y37.png,images/train/train_00164_x4_y37.png,4,37,train
train_00165_x46_y10.png,images/train/train_00165_x46_y10.png,46,10,train
train_00166_x17_y23.png,images/train/train_00166_x17_y23.png,17,23,train
train_00167_x49_y47.png,images/train/train_00167_x49_y47.png,49,47,train
train_00168_x41_y4.png,images/train/train_00168_x41_y4.png,41,4,train
train_00169_x33_y23.png,images/train/train_00169_x33_y23.png,33,23,train
train_00170_x42_y22.png,images/train/train_00170_x42_y22.png,42,22,train
train_00171_x16_y39.png,images/train/train_00171_x16_y39.png,16,39,train
train_00172_x11_y31.png,images/train/train_00172_x11_y31.png,11,31,train
train_00173_x25_y31.png,images/train/train_00173_x25_y31.png,25,31,train
train_00174_x19_y29.png,images/train/train_00174_x19_y29.png,19,29,train
train_00175_x15_y40.png,images/train/train_00175_x15_y40.png,15,40,train
train_00176_x16_y41.png,images/train/train_00176_x16_y41.png,16,41,train
train_00177_x9_y32.png,images/train/train_00177_x9_y32.png,9,32,train
train_00178_x38_y10.png,images/train/train_00178_x38_y10.png,38,10,train
train_00179_x12_y21.png,images/train/train_00179_x12_y21.png,12,21,train
train_00180_x30_y2.png,images/train/train_00180_x30_y2.png,30,2,train
train_00181_x6_y32.png,images/train/train_00181_x6_y32.png,6,32,train
train_00182_x9_y28.png,images/train/train_00182_x9_y28.png,9,28,train
train_00183_x29_y44.png,images/train/train_00183_x29_y44.png,29,44,train
train_00184_x10_y7.png,images/train/train_00184_x10_y7.png,10,7,train
train_00185_x29_y0.png,images/train/train_00185_x29_y0.png,29,0,train
train_00186_x48_y23.png,images/train/train_00186_x48_y23.png,48,23,train
train_00187_x12_y43.png,images/train/train_00187_x12_y43.png,12,43,train
train_00188_x9_y30.png,images/train/train_00188_x9_y30.png,9,30,train
train_00189_x29_y5.png,images/train/train_00189_x29_y5.png,29,5,train
train_00190_x47_y44.png,images/train/train_00190_x47_y44.png,47,44,train
train_00191_x20_y11.png,images/train/train_00191_x20_y11.png,20,11,train
train_00192_x15_y14.png,images/train/train_00192_x15_y14.png,15,14,train
train_00193_x25_y39.png,images/train/train_00193_x25_y39.png,25,39,train
train_00194_x24_y23.png,images/train/train_00194_x24_y23.png,24,23,train
train_00195_x26_y33.png,images/train/train_00195_x26_y33.png,26,33,train
train_00196_x12_y17.png,images/train/train_00196_x12_y17.png,12,17,train
train_00197_x10_y21.png,images/train/train_00197_x10_y21.png,10,21,train
train_00198_x11_y32.png,images/train/train_00198_x11_y32.png,11,32,train
train_00199_x21_y8.png,images/train/train_00199_x21_y8.png,21,8,train
train_00200_x28_y6.png,images/train/train_00200_x28_y6.png,28,6,train
train_00201_x5_y46.png,images/train/train_00201_x5_y46.png,5,46,train
train_00202_x48_y42.png,images/train/train_00202_x48_y42.png,48,42,train
train_00203_x21_y11.png,images/train/train_00203_x21_y11.png,21,11,train
train_00204_x17_y7.png,images/train/train_00204_x17_y7.png,17,7,train
train_00205_x33_y42.png,images/train/train_00205_x33_y42.png,33,42,train
train_00206_x8_y7.png,images/train/train_00206_x8_y7.png,8,7,train
train_00207_x21_y28.png,images/train/train_00207_x21_y28.png,21,28,train
train_00208_x21_y33.png,images/train/train_00208_x21_y33.png,21,33,train
train_00209_x3_y18.png,images/train/train_00209_x3_y18.png,3,18,train
train_00210_x43_y30.png,images/train/train_00210_x43_y30.png,43,30,train
train_00211_x4_y39.png,images/train/train_00211_x4_y39.png,4,39,train
train_00212_x46_y5.png,images/train/train_00212_x46_y5.png,46,5,train
train_00213_x39_y47.png,images/train/train_00213_x39_y47.png,39,47,train
train_00214_x38_y1.png,images/train/train_00214_x38_y1.png,38,1,train
train_00215_x21_y0.png,images/train/train_00215_x21_y0.png,21,0,train
train_00216_x38_y12.png,images/train/train_00216_x38_y12.png,38,12,train
train_00217_x37_y17.png,images/train/train_00217_x37_y17.png,37,17,train
train_00218_x41_y45.png,images/train/train_00218_x41_y45.png,41,45,train
train_00219_x10_y22.png,images/train/train_00219_x10_y22.png,10,22,train
train_00220_x34_y37.png,images/train/train_00220_x34_y37.png,34,37,train
train_00221_x49_y22.png,images/train/train_00221_x49_y22.png,49,22,train
train_00222_x36_y47.png,images/train/train_00222_x36_y47.png,36,47,train
train_00223_x47_y18.png,images/train/train_00223_x47_y18.png,47,18,train
train_00224_x44_y49.png,images/train/train_00224_x44_y49.png,44,49,train
train_00225_x37_y33.png,images/train/train_00225_x37_y33.png,37,33,train
train_00226_x30_y11.png,images/train/train_00226_x30_y11.png,30,11,train
train_00227_x29_y9.png,images/train/train_00227_x29_y9.png,29,9,train
train_00228_x38_y38.png,images/train/train_00228_x38_y38.png,38,38,train
train_00229_x34_y23.png,images/train/train_00229_x34_y23.png,34,23,train
train_00230_x40_y25.png,images/train/train_00230_x40_y25.png,40,25,train
train_00231_x32_y7.png,images/train/train_00231_x32_y7.png,32,7,train
train_00232_x39_y27.png,images/train/train_00232_x39_y27.png,39,27,train
train_00233_x10_y8.png,images/train/train_00233_x10_y8.png,10,8,train
train_00234_x12_y32.png,images/train/train_00234_x12_y32.png,12,32,train
train_00235_x18_y15.png,images/train/train_00235_x18_y15.png,18,15,train
train_00236_x5_y9.png,images/train/train_00236_x5_y9.png,5,9,train
train_00237_x27_y45.png,images/train/train_00237_x27_y45.png,27,45,train
train_00238_x45_y45.png,images/train/train_00238_x45_y45.png,45,45,train
train_00239_x46_y21.png,images/train/train_00239_x46_y21.png,46,21,train
train_00240_x16_y2.png,images/train/train_00240_x16_y2.png,16,2,train
train_00241_x38_y35.png,images/train/train_00241_x38_y35.png,38,35,train
train_00242_x23_y46.png,images/train/train_00242_x23_y46.png,23,46,train
train_00243_x38_y44.png,images/train/train_00243_x38_y44.png,38,44,train
train_00244_x15_y6.png,images/train/train_00244_x15_y6.png,15,6,train
train_00245_x16_y1.png,images/train/train_00245_x16_y1.png,16,1,train
train_00246_x4_y33.png,images/train/train_00246_x4_y33.png,4,33,train
train_00247_x30_y14.png,images/train/train_00247_x30_y14.png,30,14,train
train_00248_x18_y40.png,images/train/train_00248_x18_y40.png,18,40,train
train_00249_x19_y48.png,images/train/train_00249_x19_y48.png,19,48,train
train_00250_x22_y2.png,images/train/train_00250_x22_y2.png,22,2,train
train_00251_x29_y13.png,images/train/train_00251_x29_y13.png,29,13,train
train_00252_x37_y26.png,images/train/train_00252_x37_y26.png,37,26,train
train_00253_x24_y25.png,images/train/train_00253_x24_y25.png,24,25,train
train_00254_x6_y24.png,images/train/train_00254_x6_y24.png,6,24,train
train_00255_x35_y13.png,images/train/train_00255_x35_y13.png,35,13,train
train_00256_x39_y3.png,images/train/train_00256_x39_y3.png,39,3,train
train_00257_x27_y27.png,images/train/train_00257_x27_y27.png,27,27,train
train_00258_x2_y0.png,images/train/train_00258_x2_y0.png,2,0,train
train_00259_x49_y31.png,images/train/train_00259_x49_y31.png,49,31,train
train_00260_x26_y40.png,images/train/train_00260_x26_y40.png,26,40,train
train_00261_x7_y37.png,images/train/train_00261_x7_y37.png,7,37,train
train_00262_x39_y4.png,images/train/train_00262_x39_y4.png,39,4,train
train_00263_x3_y29.png,images/train/train_00263_x3_y29.png,3,29,train
train_00264_x33_y44.png,images/train/train_00264_x33_y44.png,33,44,train
train_00265_x33_y12.png,images/train/train_00265_x33_y12.png,33,12,train
train_00266_x26_y4.png,images/train/train_00266_x26_y4.png,26,4,train
train_00267_x18_y27.png,images/train/train_00267_x18_y27.png,18,27,train
train_00268_x28_y30.png,images/train/train_00268_x28_y30.png,28,30,train
train_00269_x45_y18.png,images/train/train_00269_x45_y18.png,45,18,train
train_00270_x2_y41.png,images/train/train_00270_x2_y41.png,2,41,train
train_00271_x7_y18.png,images/train/train_00271_x7_y18.png,7,18,train
train_00272_x48_y45.png,images/train/train_00272_x48_y45.png,48,45,train
train_00273_x21_y35.png,images/train/train_00273_x21_y35.png,21,35,train
train_00274_x7_y17.png,images/train/train_00274_x7_y17.png,7,17,train
train_00275_x33_y24.png,images/train/train_00275_x33_y24.png,33,24,train
train_00276_x20_y44.png,images/train/train_00276_x20_y44.png,20,44,train
train_00277_x6_y18.png,images/train/train_00277_x6_y18.png,6,18,train
train_00278_x30_y38.png,images/train/train_00278_x30_y38.png,30,38,train
train_00279_x4_y47.png,images/train/train_00279_x4_y47.png,4,47,train
train_00280_x6_y21.png,images/train/train_00280_x6_y21.png,6,21,train
train_00281_x36_y33.png,images/train/train_00281_x36_y33.png,36,33,train
train_00282_x36_y39.png,images/train/train_00282_x36_y39.png,36,39,train
train_00283_x19_y49.png,images/train/train_00283_x19_y49.png,19,49,train
train_00284_x18_y42.png,images/train/train_00284_x18_y42.png,18,42,train
train_00285_x35_y22.png,images/train/train_00285_x35_y22.png,35,22,train
train_00286_x0_y29.png,images/train/train_00286_x0_y29.png,0,29,train
train_00287_x25_y49.png,images/train/train_00287_x25_y49.png,25,49,train
train_00288_x39_y43.png,images/train/train_00288_x39_y43.png,39,43,train
train_00289_x38_y14.png,images/train/train_00289_x38_y14.png,38,14,train
train_00290_x13_y45.png,images/train/train_00290_x13_y45.png,13,45,train
train_00291_x49_y20.png,images/train/train_00291_x49_y20.png,49,20,train
train_00292_x40_y28.png,images/train/train_00292_x40_y28.png,40,28,train
train_00293_x32_y0.png,images/train/train_00293_x32_y0.png,32,0,train
train_00294_x46_y29.png,images/train/train_00294_x46_y29.png,46,29,train
train_00295_x24_y31.png,images/train/train_00295_x24_y31.png,24,31,train
train_00296_x43_y23.png,images/train/train_00296_x43_y23.png,43,23,train
train_00297_x38_y15.png,images/train/train_00297_x38_y15.png,38,15,train
train_00298_x34_y29.png,images/train/train_00298_x34_y29.png,34,29,train
train_00299_x34_y6.png,images/train/train_00299_x34_y6.png,34,6,train
train_00300_x34_y3.png,images/train/train_00300_x34_y3.png,34,3,train
train_00301_x15_y5.png,images/train/train_00301_x15_y5.png,15,5,train
train_00302_x26_y30.png,images/train/train_00302_x26_y30.png,26,30,train
train_00303_x7_y3.png,images/train/train_00303_x7_y3.png,7,3,train
train_00304_x4_y8.png,images/train/train_00304_x4_y8.png,4,8,train
train_00305_x42_y44.png,images/train/train_00305_x42_y44.png,42,44,train
train_00306_x18_y3.png,images/train/train_00306_x18_y3.png,18,3,train
train_00307_x19_y2.png,images/train/train_00307_x19_y2.png,19,2,train
train_00308_x26_y37.png,images/train/train_00308_x26_y37.png,26,37,train
train_00309_x31_y1.png,images/train/train_00309_x31_y1.png,31,1,train
train_00310_x31_y17.png,images/train/train_00310_x31_y17.png,31,17,train
train_00311_x38_y43.png,images/train/train_00311_x38_y43.png,38,43,train
train_00312_x9_y35.png,images/train/train_00312_x9_y35.png,9,35,train
train_00313_x32_y29.png,images/train/train_00313_x32_y29.png,32,29,train
train_00314_x40_y39.png,images/train/train_00314_x40_y39.png,40,39,train
train_00315_x3_y49.png,images/train/train_00315_x3_y49.png,3,49,train
train_00316_x4_y29.png,images/train/train_00316_x4_y29.png,4,29,train
train_00317_x16_y10.png,images/train/train_00317_x16_y10.png,16,10,train
train_00318_x15_y37.png,images/train/train_00318_x15_y37.png,15,37,train
train_00319_x8_y10.png,images/train/train_00319_x8_y10.png,8,10,train
train_00320_x12_y29.png,images/train/train_00320_x12_y29.png,12,29,train
train_00321_x30_y10.png,images/train/train_00321_x30_y10.png,30,10,train
train_00322_x13_y12.png,images/train/train_00322_x13_y12.png,13,12,train
train_00323_x42_y42.png,images/train/train_00323_x42_y42.png,42,42,train
train_00324_x38_y18.png,images/train/train_00324_x38_y18.png,38,18,train
train_00325_x46_y34.png,images/train/train_00325_x46_y34.png,46,34,train
train_00326_x25_y19.png,images/train/train_00326_x25_y19.png,25,19,train
train_00327_x1_y19.png,images/train/train_00327_x1_y19.png,1,19,train
train_00328_x8_y43.png,images/train/train_00328_x8_y43.png,8,43,train
train_00329_x42_y47.png,images/train/train_00329_x42_y47.png,42,47,train
train_00330_x44_y41.png,images/train/train_00330_x44_y41.png,44,41,train
train_00331_x31_y34.png,images/train/train_00331_x31_y34.png,31,34,train
train_00332_x4_y31.png,images/train/train_00332_x4_y31.png,4,31,train
train_00333_x8_y40.png,images/train/train_00333_x8_y40.png,8,40,train
train_00334_x32_y27.png,images/train/train_00334_x32_y27.png,32,27,train
train_00335_x26_y22.png,images/train/train_00335_x26_y22.png,26,22,train
train_00336_x25_y28.png,images/train/train_00336_x25_y28.png,25,28,train
train_00337_x16_y17.png,images/train/train_00337_x16_y17.png,16,17,train
train_00338_x11_y49.png,images/train/train_00338_x11_y49.png,11,49,train
train_00339_x21_y6.png,images/train/train_00339_x21_y6.png,21,6,train
train_00340_x8_y14.png,images/train/train_00340_x8_y14.png,8,14,train
train_00341_x13_y29.png,images/train/train_00341_x13_y29.png,13,29,train
train_00342_x30_y18.png,images/train/train_00342_x30_y18.png,30,18,train
train_00343_x22_y16.png,images/train/train_00343_x22_y16.png,22,16,train
train_00344_x5_y29.png,images/train/train_00344_x5_y29.png,5,29,train
train_00345_x27_y35.png,images/train/train_00345_x27_y35.png,27,35,train
train_00346_x8_y8.png,images/train/train_00346_x8_y8.png,8,8,train
train_00347_x21_y41.png,images/train/train_00347_x21_y41.png,21,41,train
train_00348_x45_y32.png,images/train/train_00348_x45_y32.png,45,32,train
train_00349_x24_y16.png,images/train/train_00349_x24_y16.png,24,16,train
train_00350_x41_y28.png,images/train/train_00350_x41_y28.png,41,28,train
train_00351_x9_y48.png,images/train/train_00351_x9_y48.png,9,48,train
train_00352_x34_y8.png,images/train/train_00352_x34_y8.png,34,8,train
train_00353_x40_y26.png,images/train/train_00353_x40_y26.png,40,26,train
train_00354_x15_y39.png,images/train/train_00354_x15_y39.png,15,39,train
train_00355_x21_y20.png,images/train/train_00355_x21_y20.png,21,20,train
train_00356_x45_y15.png,images/train/train_00356_x45_y15.png,45,15,train
train_00357_x8_y35.png,images/train/train_00357_x8_y35.png,8,35,train
train_00358_x40_y43.png,images/train/train_00358_x40_y43.png,40,43,train
train_00359_x37_y29.png,images/train/train_00359_x37_y29.png,37,29,train
train_00360_x15_y32.png,images/train/train_00360_x15_y32.png,15,32,train
train_00361_x29_y26.png,images/train/train_00361_x29_y26.png,29,26,train
train_00362_x36_y31.png,images/train/train_00362_x36_y31.png,36,31,train
train_00363_x36_y36.png,images/train/train_00363_x36_y36.png,36,36,train
train_00364_x2_y49.png,images/train/train_00364_x2_y49.png,2,49,train
train_00365_x23_y44.png,images/train/train_00365_x23_y44.png,23,44,train
train_00366_x49_y1.png,images/train/train_00366_x49_y1.png,49,1,train
train_00367_x24_y41.png,images/train/train_00367_x24_y41.png,24,41,train
train_00368_x21_y5.png,images/train/train_00368_x21_y5.png,21,5,train
train_00369_x35_y19.png,images/train/train_00369_x35_y19.png,35,19,train
train_00370_x33_y39.png,images/train/train_00370_x33_y39.png,33,39,train
train_00371_x41_y43.png,images/train/train_00371_x41_y43.png,41,43,train
train_00372_x43_y42.png,images/train/train_00372_x43_y42.png,43,42,train
train_00373_x38_y29.png,images/train/train_00373_x38_y29.png,38,29,train
train_00374_x3_y13.png,images/train/train_00374_x3_y13.png,3,13,train
train_00375_x8_y38.png,images/train/train_00375_x8_y38.png,8,38,train
train_00376_x20_y25.png,images/train/train_00376_x20_y25.png,20,25,train
train_00377_x27_y32.png,images/train/train_00377_x27_y32.png,27,32,train
train_00378_x39_y28.png,images/train/train_00378_x39_y28.png,39,28,train
train_00379_x16_y29.png,images/train/train_00379_x16_y29.png,16,29,train
train_00380_x13_y4.png,images/train/train_00380_x13_y4.png,13,4,train
train_00381_x10_y28.png,images/train/train_00381_x10_y28.png,10,28,train
train_00382_x22_y33.png,images/train/train_00382_x22_y33.png,22,33,train
train_00383_x0_y49.png,images/train/train_00383_x0_y49.png,0,49,train
train_00384_x1_y17.png,images/train/train_00384_x1_y17.png,1,17,train
train_00385_x40_y16.png,images/train/train_00385_x40_y16.png,40,16,train
train_00386_x27_y20.png,images/train/train_00386_x27_y20.png,27,20,train
train_00387_x45_y20.png,images/train/train_00387_x45_y20.png,45,20,train
train_00388_x0_y48.png,images/train/train_00388_x0_y48.png,0,48,train
train_00389_x26_y34.png,images/train/train_00389_x26_y34.png,26,34,train
train_00390_x33_y31.png,images/train/train_00390_x33_y31.png,33,31,train
train_00391_x16_y38.png,images/train/train_00391_x16_y38.png,16,38,train
train_00392_x43_y12.png,images/train/train_00392_x43_y12.png,43,12,train
train_00393_x2_y24.png,images/train/train_00393_x2_y24.png,2,24,train
train_00394_x12_y10.png,images/train/train_00394_x12_y10.png,12,10,train
train_00395_x37_y10.png,images/train/train_00395_x37_y10.png,37,10,train
train_00396_x46_y32.png,images/train/train_00396_x46_y32.png,46,32,train
train_00397_x30_y12.png,images/train/train_00397_x30_y12.png,30,12,train
train_00398_x14_y41.png,images/train/train_00398_x14_y41.png,14,41,train
train_00399_x0_y25.png,images/train/train_00399_x0_y25.png,0,25,train
train_00400_x47_y38.png,images/train/train_00400_x47_y38.png,47,38,train
train_00401_x35_y2.png,images/train/train_00401_x35_y2.png,35,2,train
train_00402_x30_y33.png,images/train/train_00402_x30_y33.png,30,33,train
train_00403_x36_y15.png,images/train/train_00403_x36_y15.png,36,15,train
train_00404_x32_y16.png,images/train/train_00404_x32_y16.png,32,16,train
train_00405_x29_y4.png,images/train/train_00405_x29_y4.png,29,4,train
train_00406_x11_y15.png,images/train/train_00406_x11_y15.png,11,15,train
train_00407_x16_y45.png,images/train/train_00407_x16_y45.png,16,45,train
train_00408_x49_y39.png,images/train/train_00408_x49_y39.png,49,39,train
train_00409_x29_y6.png,images/train/train_00409_x29_y6.png,29,6,train
train_00410_x7_y11.png,images/train/train_00410_x7_y11.png,7,11,train
train_00411_x31_y15.png,images/train/train_00411_x31_y15.png,31,15,train
train_00412_x49_y48.png,images/train/train_00412_x49_y48.png,49,48,train
train_00413_x48_y14.png,images/train/train_00413_x48_y14.png,48,14,train
train_00414_x36_y34.png,images/train/train_00414_x36_y34.png,36,34,train
train_00415_x35_y34.png,images/train/train_00415_x35_y34.png,35,34,train
train_00416_x8_y30.png,images/train/train_00416_x8_y30.png,8,30,train
train_00417_x46_y9.png,images/train/train_00417_x46_y9.png,46,9,train
train_00418_x12_y37.png,images/train/train_00418_x12_y37.png,12,37,train
train_00419_x43_y37.png,images/train/train_00419_x43_y37.png,43,37,train
train_00420_x13_y1.png,images/train/train_00420_x13_y1.png,13,1,train
train_00421_x4_y40.png,images/train/train_00421_x4_y40.png,4,40,train
train_00422_x13_y43.png,images/train/train_00422_x13_y43.png,13,43,train
train_00423_x1_y20.png,images/train/train_00423_x1_y20.png,1,20,train
train_00424_x44_y32.png,images/train/train_00424_x44_y32.png,44,32,train
train_00425_x13_y0.png,images/train/train_00425_x13_y0.png,13,0,train
train_00426_x40_y18.png,images/train/train_00426_x40_y18.png,40,18,train
train_00427_x1_y23.png,images/train/train_00427_x1_y23.png,1,23,train
train_00428_x23_y13.png,images/train/train_00428_x23_y13.png,23,13,train
train_00429_x7_y0.png,images/train/train_00429_x7_y0.png,7,0,train
train_00430_x45_y39.png,images/train/train_00430_x45_y39.png,45,39,train
train_00431_x43_y18.png,images/train/train_00431_x43_y18.png,43,18,train
train_00432_x21_y48.png,images/train/train_00432_x21_y48.png,21,48,train
train_00433_x28_y46.png,images/train/train_00433_x28_y46.png,28,46,train
train_00434_x46_y28.png,images/train/train_00434_x46_y28.png,46,28,train
train_00435_x1_y26.png,images/train/train_00435_x1_y26.png,1,26,train
train_00436_x8_y32.png,images/train/train_00436_x8_y32.png,8,32,train
train_00437_x46_y49.png,images/train/train_00437_x46_y49.png,46,49,train
train_00438_x25_y42.png,images/train/train_00438_x25_y42.png,25,42,train
train_00439_x3_y7.png,images/train/train_00439_x3_y7.png,3,7,train
train_00440_x35_y48.png,images/train/train_00440_x35_y48.png,35,48,train
train_00441_x28_y5.png,images/train/train_00441_x28_y5.png,28,5,train
train_00442_x41_y0.png,images/train/train_00442_x41_y0.png,41,0,train
train_00443_x2_y35.png,images/train/train_00443_x2_y35.png,2,35,train
train_00444_x42_y37.png,images/train/train_00444_x42_y37.png,42,37,train
train_00445_x38_y28.png,images/train/train_00445_x38_y28.png,38,28,train
train_00446_x33_y40.png,images/train/train_00446_x33_y40.png,33,40,train
train_00447_x17_y17.png,images/train/train_00447_x17_y17.png,17,17,train
train_00448_x38_y49.png,images/train/train_00448_x38_y49.png,38,49,train
train_00449_x1_y1.png,images/train/train_00449_x1_y1.png,1,1,train
train_00450_x38_y0.png,images/train/train_00450_x38_y0.png,38,0,train
train_00451_x13_y28.png,images/train/train_00451_x13_y28.png,13,28,train
train_00452_x30_y3.png,images/train/train_00452_x30_y3.png,30,3,train
train_00453_x5_y39.png,images/train/train_00453_x5_y39.png,5,39,train
train_00454_x44_y47.png,images/train/train_00454_x44_y47.png,44,47,train
train_00455_x28_y20.png,images/train/train_00455_x28_y20.png,28,20,train
train_00456_x32_y2.png,images/train/train_00456_x32_y2.png,32,2,train
train_00457_x10_y32.png,images/train/train_00457_x10_y32.png,10,32,train
train_00458_x9_y29.png,images/train/train_00458_x9_y29.png,9,29,train
train_00459_x28_y3.png,images/train/train_00459_x28_y3.png,28,3,train
train_00460_x38_y32.png,images/train/train_00460_x38_y32.png,38,32,train
train_00461_x5_y41.png,images/train/train_00461_x5_y41.png,5,41,train
train_00462_x34_y21.png,images/train/train_00462_x34_y21.png,34,21,train
train_00463_x21_y18.png,images/train/train_00463_x21_y18.png,21,18,train
train_00464_x20_y23.png,images/train/train_00464_x20_y23.png,20,23,train
train_00465_x43_y29.png,images/train/train_00465_x43_y29.png,43,29,train
train_00466_x44_y27.png,images/train/train_00466_x44_y27.png,44,27,train
train_00467_x14_y5.png,images/train/train_00467_x14_y5.png,14,5,train
train_00468_x40_y34.png,images/train/train_00468_x40_y34.png,40,34,train
train_00469_x8_y6.png,images/train/train_00469_x8_y6.png,8,6,train
train_00470_x41_y49.png,images/train/train_00470_x41_y49.png,41,49,train
train_00471_x40_y23.png,images/train/train_00471_x40_y23.png,40,23,train
train_00472_x48_y8.png,images/train/train_00472_x48_y8.png,48,8,train
train_00473_x19_y28.png,images/train/train_00473_x19_y28.png,19,28,train
train_00474_x34_y45.png,images/train/train_00474_x34_y45.png,34,45,train
train_00475_x37_y30.png,images/train/train_00475_x37_y30.png,37,30,train
train_00476_x6_y42.png,images/train/train_00476_x6_y42.png,6,42,train
train_00477_x39_y40.png,images/train/train_00477_x39_y40.png,39,40,train
train_00478_x49_y26.png,images/train/train_00478_x49_y26.png,49,26,train
train_00479_x16_y34.png,images/train/train_00479_x16_y34.png,16,34,train
train_00480_x29_y2.png,images/train/train_00480_x29_y2.png,29,2,train
train_00481_x5_y49.png,images/train/train_00481_x5_y49.png,5,49,train
train_00482_x39_y38.png,images/train/train_00482_x39_y38.png,39,38,train
train_00483_x45_y43.png,images/train/train_00483_x45_y43.png,45,43,train
train_00484_x9_y45.png,images/train/train_00484_x9_y45.png,9,45,train
train_00485_x16_y12.png,images/train/train_00485_x16_y12.png,16,12,train
train_00486_x18_y29.png,images/train/train_00486_x18_y29.png,18,29,train
train_00487_x21_y7.png,images/train/train_00487_x21_y7.png,21,7,train
train_00488_x32_y37.png,images/train/train_00488_x32_y37.png,32,37,train
train_00489_x49_y5.png,images/train/train_00489_x49_y5.png,49,5,train
train_00490_x4_y20.png,images/train/train_00490_x4_y20.png,4,20,train
train_00491_x49_y36.png,images/train/train_00491_x49_y36.png,49,36,train
train_00492_x33_y9.png,images/train/train_00492_x33_y9.png,33,9,train
train_00493_x10_y27.png,images/train/train_00493_x10_y27.png,10,27,train
train_00494_x29_y36.png,images/train/train_00494_x29_y36.png,29,36,train
train_00495_x47_y25.png,images/train/train_00495_x47_y25.png,47,25,train
train_00496_x32_y9.png,images/train/train_00496_x32_y9.png,32,9,train
train_00497_x11_y46.png,images/train/train_00497_x11_y46.png,11,46,train
train_00498_x1_y34.png,images/train/train_00498_x1_y34.png,1,34,train
train_00499_x44_y13.png,images/train/train_00499_x44_y13.png,44,13,train
train_00500_x41_y5.png,images/train/train_00500_x41_y5.png,41,5,train
train_00501_x39_y11.png,images/train/train_00501_x39_y11.png,39,11,train
train_00502_x37_y14.png,images/train/train_00502_x37_y14.png,37,14,train
train_00503_x46_y26.png,images/train/train_00503_x46_y26.png,46,26,train
train_00504_x9_y11.png,images/train/train_00504_x9_y11.png,9,11,train
train_00505_x2_y9.png,images/train/train_00505_x2_y9.png,2,9,train
train_00506_x39_y12.png,images/train/train_00506_x39_y12.png,39,12,train
train_00507_x7_y4.png,images/train/train_00507_x7_y4.png,7,4,train
train_00508_x5_y16.png,images/train/train_00508_x5_y16.png,5,16,train
train_00509_x30_y45.png,images/train/train_00509_x30_y45.png,30,45,train
train_00510_x10_y30.png,images/train/train_00510_x10_y30.png,10,30,train
train_00511_x48_y46.png,images/train/train_00511_x48_y46.png,48,46,train
train_00512_x5_y40.png,images/train/train_00512_x5_y40.png,5,40,train
train_00513_x12_y5.png,images/train/train_00513_x12_y5.png,12,5,train
train_00514_x31_y10.png,images/train/train_00514_x31_y10.png,31,10,train
train_00515_x8_y16.png,images/train/train_00515_x8_y16.png,8,16,train
train_00516_x9_y22.png,images/train/train_00516_x9_y22.png,9,22,train
train_00517_x18_y31.png,images/train/train_00517_x18_y31.png,18,31,train
train_00518_x45_y29.png,images/train/train_00518_x45_y29.png,45,29,train
train_00519_x48_y19.png,images/train/train_00519_x48_y19.png,48,19,train
train_00520_x16_y8.png,images/train/train_00520_x16_y8.png,16,8,train
train_00521_x15_y48.png,images/train/train_00521_x15_y48.png,15,48,train
train_00522_x49_y41.png,images/train/train_00522_x49_y41.png,49,41,train
train_00523_x18_y30.png,images/train/train_00523_x18_y30.png,18,30,train
train_00524_x5_y28.png,images/train/train_00524_x5_y28.png,5,28,train
train_00525_x30_y17.png,images/train/train_00525_x30_y17.png,30,17,train
train_00526_x17_y33.png,images/train/train_00526_x17_y33.png,17,33,train
train_00527_x20_y14.png,images/train/train_00527_x20_y14.png,20,14,train
train_00528_x0_y18.png,images/train/train_00528_x0_y18.png,0,18,train
train_00529_x24_y34.png,images/train/train_00529_x24_y34.png,24,34,train
train_00530_x48_y1.png,images/train/train_00530_x48_y1.png,48,1,train
train_00531_x39_y22.png,images/train/train_00531_x39_y22.png,39,22,train
train_00532_x30_y32.png,images/train/train_00532_x30_y32.png,30,32,train
train_00533_x38_y2.png,images/train/train_00533_x38_y2.png,38,2,train
train_00534_x42_y33.png,images/train/train_00534_x42_y33.png,42,33,train
train_00535_x30_y1.png,images/train/train_00535_x30_y1.png,30,1,train
train_00536_x31_y14.png,images/train/train_00536_x31_y14.png,31,14,train
train_00537_x4_y19.png,images/train/train_00537_x4_y19.png,4,19,train
train_00538_x12_y18.png,images/train/train_00538_x12_y18.png,12,18,train
train_00539_x24_y47.png,images/train/train_00539_x24_y47.png,24,47,train
train_00540_x6_y3.png,images/train/train_00540_x6_y3.png,6,3,train
train_00541_x34_y38.png,images/train/train_00541_x34_y38.png,34,38,train
train_00542_x47_y26.png,images/train/train_00542_x47_y26.png,47,26,train
train_00543_x40_y8.png,images/train/train_00543_x40_y8.png,40,8,train
train_00544_x41_y14.png,images/train/train_00544_x41_y14.png,41,14,train
train_00545_x25_y45.png,images/train/train_00545_x25_y45.png,25,45,train
train_00546_x44_y1.png,images/train/train_00546_x44_y1.png,44,1,train
train_00547_x17_y29.png,images/train/train_00547_x17_y29.png,17,29,train
train_00548_x43_y8.png,images/train/train_00548_x43_y8.png,43,8,train
train_00549_x20_y5.png,images/train/train_00549_x20_y5.png,20,5,train
train_00550_x20_y33.png,images/train/train_00550_x20_y33.png,20,33,train
train_00551_x30_y5.png,images/train/train_00551_x30_y5.png,30,5,train
train_00552_x21_y3.png,images/train/train_00552_x21_y3.png,21,3,train
train_00553_x37_y19.png,images/train/train_00553_x37_y19.png,37,19,train
train_00554_x22_y0.png,images/train/train_00554_x22_y0.png,22,0,train
train_00555_x3_y42.png,images/train/train_00555_x3_y42.png,3,42,train
train_00556_x3_y24.png,images/train/train_00556_x3_y24.png,3,24,train
train_00557_x15_y15.png,images/train/train_00557_x15_y15.png,15,15,train
train_00558_x27_y28.png,images/train/train_00558_x27_y28.png,27,28,train
train_00559_x31_y16.png,images/train/train_00559_x31_y16.png,31,16,train
train_00560_x38_y4.png,images/train/train_00560_x38_y4.png,38,4,train
train_00561_x14_y0.png,images/train/train_00561_x14_y0.png,14,0,train
train_00562_x2_y28.png,images/train/train_00562_x2_y28.png,2,28,train
train_00563_x6_y40.png,images/train/train_00563_x6_y40.png,6,40,train
train_00564_x42_y27.png,images/train/train_00564_x42_y27.png,42,27,train
train_00565_x12_y47.png,images/train/train_00565_x12_y47.png,12,47,train
train_00566_x25_y36.png,images/train/train_00566_x25_y36.png,25,36,train
train_00567_x6_y7.png,images/train/train_00567_x6_y7.png,6,7,train
train_00568_x7_y33.png,images/train/train_00568_x7_y33.png,7,33,train
train_00569_x25_y22.png,images/train/train_00569_x25_y22.png,25,22,train
train_00570_x46_y14.png,images/train/train_00570_x46_y14.png,46,14,train
train_00571_x25_y13.png,images/train/train_00571_x25_y13.png,25,13,train
train_00572_x3_y27.png,images/train/train_00572_x3_y27.png,3,27,train
train_00573_x8_y26.png,images/train/train_00573_x8_y26.png,8,26,train
train_00574_x15_y36.png,images/train/train_00574_x15_y36.png,15,36,train
train_00575_x34_y46.png,images/train/train_00575_x34_y46.png,34,46,train
train_00576_x21_y49.png,images/train/train_00576_x21_y49.png,21,49,train
train_00577_x47_y39.png,images/train/train_00577_x47_y39.png,47,39,train
train_00578_x3_y34.png,images/train/train_00578_x3_y34.png,3,34,train
train_00579_x31_y41.png,images/train/train_00579_x31_y41.png,31,41,train
train_00580_x39_y39.png,images/train/train_00580_x39_y39.png,39,39,train
train_00581_x49_y45.png,images/train/train_00581_x49_y45.png,49,45,train
train_00582_x45_y35.png,images/train/train_00582_x45_y35.png,45,35,train
train_00583_x26_y3.png,images/train/train_00583_x26_y3.png,26,3,train
train_00584_x19_y11.png,images/train/train_00584_x19_y11.png,19,11,train
train_00585_x32_y39.png,images/train/train_00585_x32_y39.png,32,39,train
train_00586_x9_y39.png,images/train/train_00586_x9_y39.png,9,39,train
train_00587_x15_y11.png,images/train/train_00587_x15_y11.png,15,11,train
train_00588_x16_y9.png,images/train/train_00588_x16_y9.png,16,9,train
train_00589_x45_y27.png,images/train/train_00589_x45_y27.png,45,27,train
train_00590_x28_y29.png,images/train/train_00590_x28_y29.png,28,29,train
train_00591_x33_y7.png,images/train/train_00591_x33_y7.png,33,7,train
train_00592_x30_y25.png,images/train/train_00592_x30_y25.png,30,25,train
train_00593_x41_y36.png,images/train/train_00593_x41_y36.png,41,36,train
train_00594_x2_y18.png,images/train/train_00594_x2_y18.png,2,18,train
train_00595_x31_y3.png,images/train/train_00595_x31_y3.png,31,3,train
train_00596_x5_y31.png,images/train/train_00596_x5_y31.png,5,31,train
train_00597_x43_y35.png,images/train/train_00597_x43_y35.png,43,35,train
train_00598_x49_y14.png,images/train/train_00598_x49_y14.png,49,14,train
train_00599_x36_y35.png,images/train/train_00599_x36_y35.png,36,35,train
train_00600_x12_y49.png,images/train/train_00600_x12_y49.png,12,49,train
train_00601_x14_y27.png,images/train/train_00601_x14_y27.png,14,27,train
train_00602_x7_y16.png,images/train/train_00602_x7_y16.png,7,16,train
train_00603_x27_y1.png,images/train/train_00603_x27_y1.png,27,1,train
train_00604_x11_y5.png,images/train/train_00604_x11_y5.png,11,5,train
train_00605_x28_y10.png,images/train/train_00605_x28_y10.png,28,10,train
train_00606_x45_y30.png,images/train/train_00606_x45_y30.png,45,30,train
train_00607_x38_y13.png,images/train/train_00607_x38_y13.png,38,13,train
train_00608_x4_y3.png,images/train/train_00608_x4_y3.png,4,3,train
train_00609_x42_y13.png,images/train/train_00609_x42_y13.png,42,13,train
train_00610_x2_y20.png,images/train/train_00610_x2_y20.png,2,20,train
train_00611_x5_y33.png,images/train/train_00611_x5_y33.png,5,33,train
train_00612_x11_y25.png,images/train/train_00612_x11_y25.png,11,25,train
train_00613_x26_y1.png,images/train/train_00613_x26_y1.png,26,1,train
train_00614_x48_y13.png,images/train/train_00614_x48_y13.png,48,13,train
train_00615_x5_y25.png,images/train/train_00615_x5_y25.png,5,25,train
train_00616_x19_y15.png,images/train/train_00616_x19_y15.png,19,15,train
train_00617_x30_y47.png,images/train/train_00617_x30_y47.png,30,47,train
train_00618_x7_y10.png,images/train/train_00618_x7_y10.png,7,10,train
train_00619_x22_y27.png,images/train/train_00619_x22_y27.png,22,27,train
train_00620_x15_y17.png,images/train/train_00620_x15_y17.png,15,17,train
train_00621_x40_y3.png,images/train/train_00621_x40_y3.png,40,3,train
train_00622_x34_y26.png,images/train/train_00622_x34_y26.png,34,26,train
train_00623_x37_y38.png,images/train/train_00623_x37_y38.png,37,38,train
train_00624_x5_y36.png,images/train/train_00624_x5_y36.png,5,36,train
train_00625_x42_y2.png,images/train/train_00625_x42_y2.png,42,2,train
train_00626_x21_y44.png,images/train/train_00626_x21_y44.png,21,44,train
train_00627_x17_y38.png,images/train/train_00627_x17_y38.png,17,38,train
train_00628_x8_y23.png,images/train/train_00628_x8_y23.png,8,23,train
train_00629_x36_y8.png,images/train/train_00629_x36_y8.png,36,8,train
train_00630_x46_y47.png,images/train/train_00630_x46_y47.png,46,47,train
train_00631_x31_y37.png,images/train/train_00631_x31_y37.png,31,37,train
train_00632_x16_y40.png,images/train/train_00632_x16_y40.png,16,40,train
train_00633_x1_y15.png,images/train/train_00633_x1_y15.png,1,15,train
train_00634_x32_y45.png,images/train/train_00634_x32_y45.png,32,45,train
train_00635_x34_y10.png,images/train/train_00635_x34_y10.png,34,10,train
train_00636_x29_y7.png,images/train/train_00636_x29_y7.png,29,7,train
train_00637_x31_y9.png,images/train/train_00637_x31_y9.png,31,9,train
train_00638_x4_y30.png,images/train/train_00638_x4_y30.png,4,30,train
train_00639_x31_y25.png,images/train/train_00639_x31_y25.png,31,25,train
train_00640_x31_y19.png,images/train/train_00640_x31_y19.png,31,19,train
train_00641_x23_y35.png,images/train/train_00641_x23_y35.png,23,35,train
train_00642_x17_y39.png,images/train/train_00642_x17_y39.png,17,39,train
train_00643_x27_y49.png,images/train/train_00643_x27_y49.png,27,49,train
train_00644_x14_y29.png,images/train/train_00644_x14_y29.png,14,29,train
train_00645_x14_y36.png,images/train/train_00645_x14_y36.png,14,36,train
train_00646_x21_y23.png,images/train/train_00646_x21_y23.png,21,23,train
train_00647_x7_y24.png,images/train/train_00647_x7_y24.png,7,24,train
train_00648_x15_y9.png,images/train/train_00648_x15_y9.png,15,9,train
train_00649_x45_y0.png,images/train/train_00649_x45_y0.png,45,0,train
train_00650_x33_y17.png,images/train/train_00650_x33_y17.png,33,17,train
train_00651_x5_y47.png,images/train/train_00651_x5_y47.png,5,47,train
train_00652_x11_y48.png,images/train/train_00652_x11_y48.png,11,48,train
train_00653_x39_y21.png,images/train/train_00653_x39_y21.png,39,21,train
train_00654_x1_y49.png,images/train/train_00654_x1_y49.png,1,49,train
train_00655_x21_y4.png,images/train/train_00655_x21_y4.png,21,4,train
train_00656_x35_y29.png,images/train/train_00656_x35_y29.png,35,29,train
train_00657_x24_y37.png,images/train/train_00657_x24_y37.png,24,37,train
train_00658_x10_y29.png,images/train/train_00658_x10_y29.png,10,29,train
train_00659_x38_y33.png,images/train/train_00659_x38_y33.png,38,33,train
train_00660_x32_y12.png,images/train/train_00660_x32_y12.png,32,12,train
train_00661_x24_y8.png,images/train/train_00661_x24_y8.png,24,8,train
train_00662_x12_y36.png,images/train/train_00662_x12_y36.png,12,36,train
train_00663_x43_y46.png,images/train/train_00663_x43_y46.png,43,46,train
train_00664_x3_y35.png,images/train/train_00664_x3_y35.png,3,35,train
train_00665_x39_y46.png,images/train/train_00665_x39_y46.png,39,46,train
train_00666_x18_y44.png,images/train/train_00666_x18_y44.png,18,44,train
train_00667_x36_y4.png,images/train/train_00667_x36_y4.png,36,4,train
train_00668_x33_y6.png,images/train/train_00668_x33_y6.png,33,6,train
train_00669_x35_y28.png,images/train/train_00669_x35_y28.png,35,28,train
train_00670_x10_y11.png,images/train/train_00670_x10_y11.png,10,11,train
train_00671_x16_y0.png,images/train/train_00671_x16_y0.png,16,0,train
train_00672_x22_y34.png,images/train/train_00672_x22_y34.png,22,34,train
train_00673_x27_y44.png,images/train/train_00673_x27_y44.png,27,44,train
train_00674_x48_y5.png,images/train/train_00674_x48_y5.png,48,5,train
train_00675_x12_y7.png,images/train/train_00675_x12_y7.png,12,7,train
train_00676_x24_y7.png,images/train/train_00676_x24_y7.png,24,7,train
train_00677_x3_y1.png,images/train/train_00677_x3_y1.png,3,1,train
train_00678_x31_y7.png,images/train/train_00678_x31_y7.png,31,7,train
train_00679_x17_y6.png,images/train/train_00679_x17_y6.png,17,6,train
train_00680_x22_y35.png,images/train/train_00680_x22_y35.png,22,35,train
train_00681_x17_y24.png,images/train/train_00681_x17_y24.png,17,24,train
train_00682_x45_y25.png,images/train/train_00682_x45_y25.png,45,25,train
train_00683_x0_y23.png,images/train/train_00683_x0_y23.png,0,23,train
train_00684_x3_y8.png,images/train/train_00684_x3_y8.png,3,8,train
train_00685_x6_y31.png,images/train/train_00685_x6_y31.png,6,31,train
train_00686_x22_y10.png,images/train/train_00686_x22_y10.png,22,10,train
train_00687_x47_y37.png,images/train/train_00687_x47_y37.png,47,37,train
train_00688_x34_y17.png,images/train/train_00688_x34_y17.png,34,17,train
train_00689_x47_y15.png,images/train/train_00689_x47_y15.png,47,15,train
train_00690_x48_y49.png,images/train/train_00690_x48_y49.png,48,49,train
train_00691_x12_y42.png,images/train/train_00691_x12_y42.png,12,42,train
train_00692_x28_y37.png,images/train/train_00692_x28_y37.png,28,37,train
train_00693_x6_y11.png,images/train/train_00693_x6_y11.png,6,11,train
train_00694_x7_y1.png,images/train/train_00694_x7_y1.png,7,1,train
train_00695_x10_y48.png,images/train/train_00695_x10_y48.png,10,48,train
train_00696_x34_y44.png,images/train/train_00696_x34_y44.png,34,44,train
train_00697_x22_y25.png,images/train/train_00697_x22_y25.png,22,25,train
train_00698_x6_y6.png,images/train/train_00698_x6_y6.png,6,6,train
train_00699_x5_y37.png,images/train/train_00699_x5_y37.png,5,37,train
train_00700_x13_y44.png,images/train/train_00700_x13_y44.png,13,44,train
train_00701_x19_y12.png,images/train/train_00701_x19_y12.png,19,12,train
train_00702_x12_y30.png,images/train/train_00702_x12_y30.png,12,30,train
train_00703_x36_y12.png,images/train/train_00703_x36_y12.png,36,12,train
train_00704_x18_y49.png,images/train/train_00704_x18_y49.png,18,49,train
train_00705_x27_y39.png,images/train/train_00705_x27_y39.png,27,39,train
train_00706_x19_y36.png,images/train/train_00706_x19_y36.png,19,36,train
train_00707_x19_y40.png,images/train/train_00707_x19_y40.png,19,40,train
train_00708_x31_y40.png,images/train/train_00708_x31_y40.png,31,40,train
train_00709_x15_y31.png,images/train/train_00709_x15_y31.png,15,31,train
train_00710_x27_y26.png,images/train/train_00710_x27_y26.png,27,26,train
train_00711_x16_y36.png,images/train/train_00711_x16_y36.png,16,36,train
train_00712_x28_y35.png,images/train/train_00712_x28_y35.png,28,35,train
train_00713_x48_y17.png,images/train/train_00713_x48_y17.png,48,17,train
train_00714_x0_y13.png,images/train/train_00714_x0_y13.png,0,13,train
train_00715_x24_y20.png,images/train/train_00715_x24_y20.png,24,20,train
train_00716_x28_y7.png,images/train/train_00716_x28_y7.png,28,7,train
train_00717_x10_y14.png,images/train/train_00717_x10_y14.png,10,14,train
train_00718_x8_y9.png,images/train/train_00718_x8_y9.png,8,9,train
train_00719_x17_y11.png,images/train/train_00719_x17_y11.png,17,11,train
train_00720_x6_y13.png,images/train/train_00720_x6_y13.png,6,13,train
train_00721_x37_y20.png,images/train/train_00721_x37_y20.png,37,20,train
train_00722_x26_y2.png,images/train/train_00722_x26_y2.png,26,2,train
train_00723_x25_y29.png,images/train/train_00723_x25_y29.png,25,29,train
train_00724_x49_y49.png,images/train/train_00724_x49_y49.png,49,49,train
train_00725_x47_y8.png,images/train/train_00725_x47_y8.png,47,8,train
train_00726_x7_y32.png,images/train/train_00726_x7_y32.png,7,32,train
train_00727_x23_y49.png,images/train/train_00727_x23_y49.png,23,49,train
train_00728_x32_y23.png,images/train/train_00728_x32_y23.png,32,23,train
train_00729_x37_y27.png,images/train/train_00729_x37_y27.png,37,27,train
train_00730_x30_y9.png,images/train/train_00730_x30_y9.png,30,9,train
train_00731_x20_y1.png,images/train/train_00731_x20_y1.png,20,1,train
train_00732_x44_y40.png,images/train/train_00732_x44_y40.png,44,40,train
train_00733_x5_y13.png,images/train/train_00733_x5_y13.png,5,13,train
train_00734_x25_y40.png,images/train/train_00734_x25_y40.png,25,40,train
train_00735_x43_y9.png,images/train/train_00735_x43_y9.png,43,9,train
train_00736_x35_y33.png,images/train/train_00736_x35_y33.png,35,33,train
train_00737_x8_y15.png,images/train/train_00737_x8_y15.png,8,15,train
train_00738_x22_y13.png,images/train/train_00738_x22_y13.png,22,13,train
train_00739_x7_y8.png,images/train/train_00739_x7_y8.png,7,8,train
train_00740_x23_y23.png,images/train/train_00740_x23_y23.png,23,23,train
train_00741_x0_y8.png,images/train/train_00741_x0_y8.png,0,8,train
train_00742_x40_y20.png,images/train/train_00742_x40_y20.png,40,20,train
train_00743_x6_y16.png,images/train/train_00743_x6_y16.png,6,16,train
train_00744_x6_y4.png,images/train/train_00744_x6_y4.png,6,4,train
train_00745_x8_y27.png,images/train/train_00745_x8_y27.png,8,27,train
train_00746_x2_y5.png,images/train/train_00746_x2_y5.png,2,5,train
train_00747_x40_y44.png,images/train/train_00747_x40_y44.png,40,44,train
train_00748_x2_y21.png,images/train/train_00748_x2_y21.png,2,21,train
train_00749_x16_y21.png,images/train/train_00749_x16_y21.png,16,21,train
train_00750_x31_y2.png,images/train/train_00750_x31_y2.png,31,2,train
train_00751_x45_y40.png,images/train/train_00751_x45_y40.png,45,40,train
train_00752_x27_y48.png,images/train/train_00752_x27_y48.png,27,48,train
train_00753_x35_y25.png,images/train/train_00753_x35_y25.png,35,25,train
train_00754_x45_y49.png,images/train/train_00754_x45_y49.png,45,49,train
train_00755_x2_y15.png,images/train/train_00755_x2_y15.png,2,15,train
train_00756_x30_y13.png,images/train/train_00756_x30_y13.png,30,13,train
train_00757_x14_y44.png,images/train/train_00757_x14_y44.png,14,44,train
train_00758_x31_y8.png,images/train/train_00758_x31_y8.png,31,8,train
train_00759_x46_y33.png,images/train/train_00759_x46_y33.png,46,33,train
train_00760_x18_y11.png,images/train/train_00760_x18_y11.png,18,11,train
train_00761_x29_y38.png,images/train/train_00761_x29_y38.png,29,38,train
train_00762_x13_y22.png,images/train/train_00762_x13_y22.png,13,22,train
train_00763_x46_y6.png,images/train/train_00763_x46_y6.png,46,6,train
train_00764_x41_y1.png,images/train/train_00764_x41_y1.png,41,1,train
train_00765_x32_y40.png,images/train/train_00765_x32_y40.png,32,40,train
train_00766_x6_y9.png,images/train/train_00766_x6_y9.png,6,9,train
train_00767_x11_y41.png,images/train/train_00767_x11_y41.png,11,41,train
train_00768_x9_y12.png,images/train/train_00768_x9_y12.png,9,12,train
train_00769_x39_y37.png,images/train/train_00769_x39_y37.png,39,37,train
train_00770_x18_y41.png,images/train/train_00770_x18_y41.png,18,41,train
train_00771_x32_y47.png,images/train/train_00771_x32_y47.png,32,47,train
train_00772_x47_y16.png,images/train/train_00772_x47_y16.png,47,16,train
train_00773_x11_y2.png,images/train/train_00773_x11_y2.png,11,2,train
train_00774_x1_y37.png,images/train/train_00774_x1_y37.png,1,37,train
train_00775_x13_y40.png,images/train/train_00775_x13_y40.png,13,40,train
train_00776_x33_y41.png,images/train/train_00776_x33_y41.png,33,41,train
train_00777_x48_y12.png,images/train/train_00777_x48_y12.png,48,12,train
train_00778_x32_y15.png,images/train/train_00778_x32_y15.png,32,15,train
train_00779_x23_y11.png,images/train/train_00779_x23_y11.png,23,11,train
train_00780_x48_y20.png,images/train/train_00780_x48_y20.png,48,20,train
train_00781_x28_y13.png,images/train/train_00781_x28_y13.png,28,13,train
train_00782_x44_y19.png,images/train/train_00782_x44_y19.png,44,19,train
train_00783_x10_y43.png,images/train/train_00783_x10_y43.png,10,43,train
train_00784_x35_y10.png,images/train/train_00784_x35_y10.png,35,10,train
train_00785_x44_y16.png,images/train/train_00785_x44_y16.png,44,16,train
train_00786_x9_y44.png,images/train/train_00786_x9_y44.png,9,44,train
train_00787_x7_y15.png,images/train/train_00787_x7_y15.png,7,15,train
train_00788_x45_y8.png,images/train/train_00788_x45_y8.png,45,8,train
train_00789_x31_y0.png,images/train/train_00789_x31_y0.png,31,0,train
train_00790_x5_y23.png,images/train/train_00790_x5_y23.png,5,23,train
train_00791_x15_y38.png,images/train/train_00791_x15_y38.png,15,38,train
train_00792_x1_y21.png,images/train/train_00792_x1_y21.png,1,21,train
train_00793_x24_y42.png,images/train/train_00793_x24_y42.png,24,42,train
train_00794_x36_y11.png,images/train/train_00794_x36_y11.png,36,11,train
train_00795_x1_y13.png,images/train/train_00795_x1_y13.png,1,13,train
train_00796_x7_y44.png,images/train/train_00796_x7_y44.png,7,44,train
train_00797_x24_y4.png,images/train/train_00797_x24_y4.png,24,4,train
train_00798_x6_y43.png,images/train/train_00798_x6_y43.png,6,43,train
train_00799_x27_y24.png,images/train/train_00799_x27_y24.png,27,24,train
train_00800_x27_y30.png,images/train/train_00800_x27_y30.png,27,30,train
train_00801_x10_y0.png,images/train/train_00801_x10_y0.png,10,0,train
train_00802_x33_y22.png,images/train/train_00802_x33_y22.png,33,22,train
train_00803_x13_y27.png,images/train/train_00803_x13_y27.png,13,27,train
train_00804_x20_y27.png,images/train/train_00804_x20_y27.png,20,27,train
train_00805_x37_y36.png,images/train/train_00805_x37_y36.png,37,36,train
train_00806_x49_y15.png,images/train/train_00806_x49_y15.png,49,15,train
train_00807_x5_y22.png,images/train/train_00807_x5_y22.png,5,22,train
train_00808_x49_y23.png,images/train/train_00808_x49_y23.png,49,23,train
train_00809_x4_y5.png,images/train/train_00809_x4_y5.png,4,5,train
train_00810_x14_y33.png,images/train/train_00810_x14_y33.png,14,33,train
train_00811_x3_y2.png,images/train/train_00811_x3_y2.png,3,2,train
train_00812_x47_y20.png,images/train/train_00812_x47_y20.png,47,20,train
train_00813_x11_y7.png,images/train/train_00813_x11_y7.png,11,7,train
train_00814_x7_y27.png,images/train/train_00814_x7_y27.png,7,27,train
train_00815_x10_y35.png,images/train/train_00815_x10_y35.png,10,35,train
train_00816_x19_y23.png,images/train/train_00816_x19_y23.png,19,23,train
train_00817_x20_y0.png,images/train/train_00817_x20_y0.png,20,0,train
train_00818_x37_y22.png,images/train/train_00818_x37_y22.png,37,22,train
train_00819_x3_y48.png,images/train/train_00819_x3_y48.png,3,48,train
train_00820_x11_y11.png,images/train/train_00820_x11_y11.png,11,11,train
train_00821_x13_y35.png,images/train/train_00821_x13_y35.png,13,35,train
train_00822_x24_y13.png,images/train/train_00822_x24_y13.png,24,13,train
train_00823_x11_y40.png,images/train/train_00823_x11_y40.png,11,40,train
train_00824_x10_y19.png,images/train/train_00824_x10_y19.png,10,19,train
train_00825_x6_y8.png,images/train/train_00825_x6_y8.png,6,8,train
train_00826_x12_y4.png,images/train/train_00826_x12_y4.png,12,4,train
train_00827_x43_y4.png,images/train/train_00827_x43_y4.png,43,4,train
train_00828_x45_y9.png,images/train/train_00828_x45_y9.png,45,9,train
train_00829_x1_y9.png,images/train/train_00829_x1_y9.png,1,9,train
train_00830_x11_y33.png,images/train/train_00830_x11_y33.png,11,33,train
train_00831_x17_y9.png,images/train/train_00831_x17_y9.png,17,9,train
train_00832_x4_y7.png,images/train/train_00832_x4_y7.png,4,7,train
train_00833_x40_y17.png,images/train/train_00833_x40_y17.png,40,17,train
train_00834_x17_y19.png,images/train/train_00834_x17_y19.png,17,19,train
train_00835_x15_y35.png,images/train/train_00835_x15_y35.png,15,35,train
train_00836_x18_y6.png,images/train/train_00836_x18_y6.png,18,6,train
train_00837_x48_y27.png,images/train/train_00837_x48_y27.png,48,27,train
train_00838_x15_y42.png,images/train/train_00838_x15_y42.png,15,42,train
train_00839_x16_y31.png,images/train/train_00839_x16_y31.png,16,31,train
train_00840_x3_y12.png,images/train/train_00840_x3_y12.png,3,12,train
train_00841_x26_y7.png,images/train/train_00841_x26_y7.png,26,7,train
train_00842_x10_y26.png,images/train/train_00842_x10_y26.png,10,26,train
train_00843_x31_y26.png,images/train/train_00843_x31_y26.png,31,26,train
train_00844_x5_y6.png,images/train/train_00844_x5_y6.png,5,6,train
train_00845_x10_y6.png,images/train/train_00845_x10_y6.png,10,6,train
train_00846_x39_y6.png,images/train/train_00846_x39_y6.png,39,6,train
train_00847_x42_y20.png,images/train/train_00847_x42_y20.png,42,20,train
train_00848_x44_y28.png,images/train/train_00848_x44_y28.png,44,28,train
train_00849_x43_y14.png,images/train/train_00849_x43_y14.png,43,14,train
train_00850_x17_y12.png,images/train/train_00850_x17_y12.png,17,12,train
train_00851_x33_y25.png,images/train/train_00851_x33_y25.png,33,25,train
train_00852_x0_y20.png,images/train/train_00852_x0_y20.png,0,20,train
train_00853_x28_y4.png,images/train/train_00853_x28_y4.png,28,4,train
train_00854_x8_y39.png,images/train/train_00854_x8_y39.png,8,39,train
train_00855_x21_y37.png,images/train/train_00855_x21_y37.png,21,37,train
train_00856_x7_y31.png,images/train/train_00856_x7_y31.png,7,31,train
train_00857_x42_y8.png,images/train/train_00857_x42_y8.png,42,8,train
train_00858_x25_y11.png,images/train/train_00858_x25_y11.png,25,11,train
train_00859_x10_y38.png,images/train/train_00859_x10_y38.png,10,38,train
train_00860_x17_y31.png,images/train/train_00860_x17_y31.png,17,31,train
train_00861_x18_y2.png,images/train/train_00861_x18_y2.png,18,2,train
train_00862_x1_y33.png,images/train/train_00862_x1_y33.png,1,33,train
train_00863_x42_y3.png,images/train/train_00863_x42_y3.png,42,3,train
train_00864_x24_y0.png,images/train/train_00864_x24_y0.png,24,0,train
train_00865_x26_y9.png,images/train/train_00865_x26_y9.png,26,9,train
train_00866_x24_y26.png,images/train/train_00866_x24_y26.png,24,26,train
train_00867_x42_y30.png,images/train/train_00867_x42_y30.png,42,30,train
train_00868_x34_y49.png,images/train/train_00868_x34_y49.png,34,49,train
train_00869_x5_y20.png,images/train/train_00869_x5_y20.png,5,20,train
train_00870_x25_y21.png,images/train/train_00870_x25_y21.png,25,21,train
train_00871_x25_y9.png,images/train/train_00871_x25_y9.png,25,9,train
train_00872_x41_y10.png,images/train/train_00872_x41_y10.png,41,10,train
train_00873_x45_y13.png,images/train/train_00873_x45_y13.png,45,13,train
train_00874_x31_y49.png,images/train/train_00874_x31_y49.png,31,49,train
train_00875_x39_y10.png,images/train/train_00875_x39_y10.png,39,10,train
train_00876_x20_y29.png,images/train/train_00876_x20_y29.png,20,29,train
train_00877_x8_y29.png,images/train/train_00877_x8_y29.png,8,29,train
train_00878_x40_y4.png,images/train/train_00878_x40_y4.png,40,4,train
train_00879_x43_y43.png,images/train/train_00879_x43_y43.png,43,43,train
train_00880_x44_y4.png,images/train/train_00880_x44_y4.png,44,4,train
train_00881_x9_y8.png,images/train/train_00881_x9_y8.png,9,8,train
train_00882_x1_y28.png,images/train/train_00882_x1_y28.png,1,28,train
train_00883_x48_y29.png,images/train/train_00883_x48_y29.png,48,29,train
train_00884_x42_y32.png,images/train/train_00884_x42_y32.png,42,32,train
train_00885_x0_y32.png,images/train/train_00885_x0_y32.png,0,32,train
train_00886_x42_y24.png,images/train/train_00886_x42_y24.png,42,24,train
train_00887_x26_y49.png,images/train/train_00887_x26_y49.png,26,49,train
train_00888_x44_y43.png,images/train/train_00888_x44_y43.png,44,43,train
train_00889_x7_y30.png,images/train/train_00889_x7_y30.png,7,30,train
train_00890_x4_y26.png,images/train/train_00890_x4_y26.png,4,26,train
train_00891_x39_y44.png,images/train/train_00891_x39_y44.png,39,44,train
train_00892_x23_y42.png,images/train/train_00892_x23_y42.png,23,42,train
train_00893_x14_y15.png,images/train/train_00893_x14_y15.png,14,15,train
train_00894_x35_y12.png,images/train/train_00894_x35_y12.png,35,12,train
train_00895_x13_y36.png,images/train/train_00895_x13_y36.png,13,36,train
train_00896_x42_y31.png,images/train/train_00896_x42_y31.png,42,31,train
train_00897_x49_y34.png,images/train/train_00897_x49_y34.png,49,34,train
train_00898_x6_y5.png,images/train/train_00898_x6_y5.png,6,5,train
train_00899_x4_y9.png,images/train/train_00899_x4_y9.png,4,9,train
train_00900_x43_y3.png,images/train/train_00900_x43_y3.png,43,3,train
train_00901_x33_y20.png,images/train/train_00901_x33_y20.png,33,20,train
train_00902_x49_y27.png,images/train/train_00902_x49_y27.png,49,27,train
train_00903_x21_y21.png,images/train/train_00903_x21_y21.png,21,21,train
train_00904_x38_y34.png,images/train/train_00904_x38_y34.png,38,34,train
train_00905_x22_y37.png,images/train/train_00905_x22_y37.png,22,37,train
train_00906_x40_y7.png,images/train/train_00906_x40_y7.png,40,7,train
train_00907_x18_y37.png,images/train/train_00907_x18_y37.png,18,37,train
train_00908_x3_y41.png,images/train/train_00908_x3_y41.png,3,41,train
train_00909_x24_y11.png,images/train/train_00909_x24_y11.png,24,11,train
train_00910_x21_y25.png,images/train/train_00910_x21_y25.png,21,25,train
train_00911_x49_y6.png,images/train/train_00911_x49_y6.png,49,6,train
train_00912_x9_y33.png,images/train/train_00912_x9_y33.png,9,33,train
train_00913_x47_y33.png,images/train/train_00913_x47_y33.png,47,33,train
train_00914_x32_y4.png,images/train/train_00914_x32_y4.png,32,4,train
train_00915_x5_y27.png,images/train/train_00915_x5_y27.png,5,27,train
train_00916_x30_y8.png,images/train/train_00916_x30_y8.png,30,8,train
train_00917_x4_y21.png,images/train/train_00917_x4_y21.png,4,21,train
train_00918_x24_y29.png,images/train/train_00918_x24_y29.png,24,29,train
train_00919_x11_y21.png,images/train/train_00919_x11_y21.png,11,21,train
train_00920_x8_y11.png,images/train/train_00920_x8_y11.png,8,11,train
train_00921_x26_y13.png,images/train/train_00921_x26_y13.png,26,13,train
train_00922_x33_y27.png,images/train/train_00922_x33_y27.png,33,27,train
train_00923_x43_y28.png,images/train/train_00923_x43_y28.png,43,28,train
train_00924_x11_y35.png,images/train/train_00924_x11_y35.png,11,35,train
train_00925_x34_y30.png,images/train/train_00925_x34_y30.png,34,30,train
train_00926_x40_y19.png,images/train/train_00926_x40_y19.png,40,19,train
train_00927_x49_y43.png,images/train/train_00927_x49_y43.png,49,43,train
train_00928_x31_y13.png,images/train/train_00928_x31_y13.png,31,13,train
train_00929_x13_y24.png,images/train/train_00929_x13_y24.png,13,24,train
train_00930_x23_y27.png,images/train/train_00930_x23_y27.png,23,27,train
train_00931_x17_y5.png,images/train/train_00931_x17_y5.png,17,5,train
train_00932_x8_y47.png,images/train/train_00932_x8_y47.png,8,47,train
train_00933_x38_y5.png,images/train/train_00933_x38_y5.png,38,5,train
train_00934_x30_y30.png,images/train/train_00934_x30_y30.png,30,30,train
train_00935_x4_y22.png,images/train/train_00935_x4_y22.png,4,22,train
train_00936_x34_y24.png,images/train/train_00936_x34_y24.png,34,24,train
train_00937_x44_y25.png,images/train/train_00937_x44_y25.png,44,25,train
train_00938_x32_y28.png,images/train/train_00938_x32_y28.png,32,28,train
train_00939_x31_y6.png,images/train/train_00939_x31_y6.png,31,6,train
train_00940_x19_y19.png,images/train/train_00940_x19_y19.png,19,19,train
train_00941_x0_y45.png,images/train/train_00941_x0_y45.png,0,45,train
train_00942_x43_y39.png,images/train/train_00942_x43_y39.png,43,39,train
train_00943_x47_y14.png,images/train/train_00943_x47_y14.png,47,14,train
train_00944_x5_y44.png,images/train/train_00944_x5_y44.png,5,44,train
train_00945_x23_y9.png,images/train/train_00945_x23_y9.png,23,9,train
train_00946_x11_y38.png,images/train/train_00946_x11_y38.png,11,38,train
train_00947_x41_y3.png,images/train/train_00947_x41_y3.png,41,3,train
train_00948_x5_y7.png,images/train/train_00948_x5_y7.png,5,7,train
train_00949_x41_y13.png,images/train/train_00949_x41_y13.png,41,13,train
train_00950_x49_y16.png,images/train/train_00950_x49_y16.png,49,16,train
train_00951_x18_y26.png,images/train/train_00951_x18_y26.png,18,26,train
train_00952_x42_y18.png,images/train/train_00952_x42_y18.png,42,18,train
train_00953_x45_y47.png,images/train/train_00953_x45_y47.png,45,47,train
train_00954_x8_y36.png,images/train/train_00954_x8_y36.png,8,36,train
train_00955_x19_y26.png,images/train/train_00955_x19_y26.png,19,26,train
train_00956_x40_y36.png,images/train/train_00956_x40_y36.png,40,36,train
train_00957_x7_y43.png,images/train/train_00957_x7_y43.png,7,43,train
train_00958_x8_y25.png,images/train/train_00958_x8_y25.png,8,25,train
train_00959_x10_y34.png,images/train/train_00959_x10_y34.png,10,34,train
train_00960_x0_y30.png,images/train/train_00960_x0_y30.png,0,30,train
train_00961_x32_y42.png,images/train/train_00961_x32_y42.png,32,42,train
train_00962_x41_y31.png,images/train/train_00962_x41_y31.png,41,31,train
train_00963_x22_y46.png,images/train/train_00963_x22_y46.png,22,46,train
train_00964_x14_y46.png,images/train/train_00964_x14_y46.png,14,46,train
train_00965_x35_y0.png,images/train/train_00965_x35_y0.png,35,0,train
train_00966_x39_y34.png,images/train/train_00966_x39_y34.png,39,34,train
train_00967_x25_y18.png,images/train/train_00967_x25_y18.png,25,18,train
train_00968_x46_y42.png,images/train/train_00968_x46_y42.png,46,42,train
train_00969_x34_y18.png,images/train/train_00969_x34_y18.png,34,18,train
train_00970_x44_y12.png,images/train/train_00970_x44_y12.png,44,12,train
train_00971_x28_y12.png,images/train/train_00971_x28_y12.png,28,12,train
train_00972_x34_y11.png,images/train/train_00972_x34_y11.png,34,11,train
train_00973_x40_y12.png,images/train/train_00973_x40_y12.png,40,12,train
train_00974_x6_y44.png,images/train/train_00974_x6_y44.png,6,44,train
train_00975_x11_y6.png,images/train/train_00975_x11_y6.png,11,6,train
train_00976_x28_y23.png,images/train/train_00976_x28_y23.png,28,23,train
train_00977_x20_y37.png,images/train/train_00977_x20_y37.png,20,37,train
train_00978_x13_y30.png,images/train/train_00978_x13_y30.png,13,30,train
train_00979_x44_y29.png,images/train/train_00979_x44_y29.png,44,29,train
train_00980_x22_y6.png,images/train/train_00980_x22_y6.png,22,6,train
train_00981_x11_y20.png,images/train/train_00981_x11_y20.png,11,20,train
train_00982_x7_y2.png,images/train/train_00982_x7_y2.png,7,2,train
train_00983_x1_y41.png,images/train/train_00983_x1_y41.png,1,41,train
train_00984_x24_y10.png,images/train/train_00984_x24_y10.png,24,10,train
train_00985_x42_y6.png,images/train/train_00985_x42_y6.png,42,6,train
train_00986_x25_y20.png,images/train/train_00986_x25_y20.png,25,20,train
train_00987_x45_y26.png,images/train/train_00987_x45_y26.png,45,26,train
train_00988_x5_y11.png,images/train/train_00988_x5_y11.png,5,11,train
train_00989_x29_y12.png,images/train/train_00989_x29_y12.png,29,12,train
train_00990_x14_y48.png,images/train/train_00990_x14_y48.png,14,48,train
train_00991_x28_y11.png,images/train/train_00991_x28_y11.png,28,11,train
train_00992_x35_y15.png,images/train/train_00992_x35_y15.png,35,15,train
train_00993_x48_y37.png,images/train/train_00993_x48_y37.png,48,37,train
train_00994_x27_y33.png,images/train/train_00994_x27_y33.png,27,33,train
train_00995_x20_y4.png,images/train/train_00995_x20_y4.png,20,4,train
train_00996_x11_y17.png,images/train/train_00996_x11_y17.png,11,17,train
train_00997_x6_y22.png,images/train/train_00997_x6_y22.png,6,22,train
train_00998_x37_y43.png,images/train/train_00998_x37_y43.png,37,43,train
train_00999_x41_y33.png,images/train/train_00999_x41_y33.png,41,33,train
train_01000_x6_y48.png,images/train/train_01000_x6_y48.png,6,48,train
train_01001_x21_y39.png,images/train/train_01001_x21_y39.png,21,39,train
train_01002_x37_y0.png,images/train/train_01002_x37_y0.png,37,0,train
train_01003_x6_y0.png,images/train/train_01003_x6_y0.png,6,0,train
train_01004_x33_y8.png,images/train/train_01004_x33_y8.png,33,8,train
train_01005_x26_y16.png,images/train/train_01005_x26_y16.png,26,16,train
train_01006_x40_y14.png,images/train/train_01006_x40_y14.png,40,14,train
train_01007_x20_y10.png,images/train/train_01007_x20_y10.png,20,10,train
train_01008_x19_y14.png,images/train/train_01008_x19_y14.png,19,14,train
train_01009_x47_y19.png,images/train/train_01009_x47_y19.png,47,19,train
train_01010_x47_y5.png,images/train/train_01010_x47_y5.png,47,5,train
train_01011_x22_y28.png,images/train/train_01011_x22_y28.png,22,28,train
train_01012_x6_y15.png,images/train/train_01012_x6_y15.png,6,15,train
train_01013_x41_y19.png,images/train/train_01013_x41_y19.png,41,19,train
train_01014_x9_y3.png,images/train/train_01014_x9_y3.png,9,3,train
train_01015_x18_y13.png,images/train/train_01015_x18_y13.png,18,13,train
train_01016_x12_y1.png,images/train/train_01016_x12_y1.png,12,1,train
train_01017_x3_y25.png,images/train/train_01017_x3_y25.png,3,25,train
train_01018_x18_y0.png,images/train/train_01018_x18_y0.png,18,0,train
train_01019_x45_y22.png,images/train/train_01019_x45_y22.png,45,22,train
train_01020_x25_y48.png,images/train/train_01020_x25_y48.png,25,48,train
train_01021_x0_y37.png,images/train/train_01021_x0_y37.png,0,37,train
train_01022_x19_y24.png,images/train/train_01022_x19_y24.png,19,24,train
train_01023_x2_y23.png,images/train/train_01023_x2_y23.png,2,23,train
train_01024_x34_y41.png,images/train/train_01024_x34_y41.png,34,41,train
train_01025_x48_y18.png,images/train/train_01025_x48_y18.png,48,18,train
train_01026_x0_y39.png,images/train/train_01026_x0_y39.png,0,39,train
train_01027_x48_y16.png,images/train/train_01027_x48_y16.png,48,16,train
train_01028_x40_y9.png,images/train/train_01028_x40_y9.png,40,9,train
train_01029_x35_y21.png,images/train/train_01029_x35_y21.png,35,21,train
train_01030_x39_y15.png,images/train/train_01030_x39_y15.png,39,15,train
train_01031_x29_y48.png,images/train/train_01031_x29_y48.png,29,48,train
train_01032_x12_y34.png,images/train/train_01032_x12_y34.png,12,34,train
train_01033_x39_y16.png,images/train/train_01033_x39_y16.png,39,16,train
train_01034_x11_y29.png,images/train/train_01034_x11_y29.png,11,29,train
train_01035_x30_y35.png,images/train/train_01035_x30_y35.png,30,35,train
train_01036_x17_y42.png,images/train/train_01036_x17_y42.png,17,42,train
train_01037_x15_y30.png,images/train/train_01037_x15_y30.png,15,30,train
train_01038_x3_y9.png,images/train/train_01038_x3_y9.png,3,9,train
train_01039_x33_y2.png,images/train/train_01039_x33_y2.png,33,2,train
train_01040_x23_y1.png,images/train/train_01040_x23_y1.png,23,1,train
train_01041_x1_y11.png,images/train/train_01041_x1_y11.png,1,11,train
train_01042_x16_y49.png,images/train/train_01042_x16_y49.png,16,49,train
train_01043_x30_y44.png,images/train/train_01043_x30_y44.png,30,44,train
train_01044_x48_y10.png,images/train/train_01044_x48_y10.png,48,10,train
train_01045_x20_y43.png,images/train/train_01045_x20_y43.png,20,43,train
train_01046_x44_y3.png,images/train/train_01046_x44_y3.png,44,3,train
train_01047_x43_y16.png,images/train/train_01047_x43_y16.png,43,16,train
train_01048_x1_y3.png,images/train/train_01048_x1_y3.png,1,3,train
train_01049_x30_y46.png,images/train/train_01049_x30_y46.png,30,46,train
train_01050_x10_y5.png,images/train/train_01050_x10_y5.png,10,5,train
train_01051_x15_y2.png,images/train/train_01051_x15_y2.png,15,2,train
train_01052_x27_y29.png,images/train/train_01052_x27_y29.png,27,29,train
train_01053_x28_y21.png,images/train/train_01053_x28_y21.png,28,21,train
train_01054_x27_y41.png,images/train/train_01054_x27_y41.png,27,41,train
train_01055_x47_y24.png,images/train/train_01055_x47_y24.png,47,24,train
train_01056_x45_y33.png,images/train/train_01056_x45_y33.png,45,33,train
train_01057_x15_y21.png,images/train/train_01057_x15_y21.png,15,21,train
train_01058_x46_y38.png,images/train/train_01058_x46_y38.png,46,38,train
train_01059_x44_y34.png,images/train/train_01059_x44_y34.png,44,34,train
train_01060_x23_y43.png,images/train/train_01060_x23_y43.png,23,43,train
train_01061_x23_y39.png,images/train/train_01061_x23_y39.png,23,39,train
train_01062_x37_y48.png,images/train/train_01062_x37_y48.png,37,48,train
train_01063_x36_y18.png,images/train/train_01063_x36_y18.png,36,18,train
train_01064_x37_y15.png,images/train/train_01064_x37_y15.png,37,15,train
train_01065_x23_y40.png,images/train/train_01065_x23_y40.png,23,40,train
train_01066_x19_y13.png,images/train/train_01066_x19_y13.png,19,13,train
train_01067_x33_y16.png,images/train/train_01067_x33_y16.png,33,16,train
train_01068_x7_y48.png,images/train/train_01068_x7_y48.png,7,48,train
train_01069_x11_y34.png,images/train/train_01069_x11_y34.png,11,34,train
train_01070_x18_y48.png,images/train/train_01070_x18_y48.png,18,48,train
train_01071_x14_y4.png,images/train/train_01071_x14_y4.png,14,4,train
train_01072_x8_y31.png,images/train/train_01072_x8_y31.png,8,31,train
train_01073_x5_y42.png,images/train/train_01073_x5_y42.png,5,42,train
train_01074_x37_y1.png,images/train/train_01074_x37_y1.png,37,1,train
train_01075_x28_y44.png,images/train/train_01075_x28_y44.png,28,44,train
train_01076_x32_y1.png,images/train/train_01076_x32_y1.png,32,1,train
train_01077_x0_y2.png,images/train/train_01077_x0_y2.png,0,2,train
train_01078_x11_y26.png,images/train/train_01078_x11_y26.png,11,26,train
train_01079_x35_y40.png,images/train/train_01079_x35_y40.png,35,40,train
train_01080_x6_y39.png,images/train/train_01080_x6_y39.png,6,39,train
train_01081_x22_y5.png,images/train/train_01081_x22_y5.png,22,5,train
train_01082_x18_y25.png,images/train/train_01082_x18_y25.png,18,25,train
train_01083_x5_y15.png,images/train/train_01083_x5_y15.png,5,15,train
train_01084_x7_y26.png,images/train/train_01084_x7_y26.png,7,26,train
train_01085_x5_y21.png,images/train/train_01085_x5_y21.png,5,21,train
train_01086_x13_y46.png,images/train/train_01086_x13_y46.png,13,46,train
train_01087_x32_y18.png,images/train/train_01087_x32_y18.png,32,18,train
train_01088_x4_y44.png,images/train/train_01088_x4_y44.png,4,44,train
train_01089_x33_y1.png,images/train/train_01089_x33_y1.png,33,1,train
train_01090_x9_y26.png,images/train/train_01090_x9_y26.png,9,26,train
train_01091_x23_y28.png,images/train/train_01091_x23_y28.png,23,28,train
train_01092_x23_y45.png,images/train/train_01092_x23_y45.png,23,45,train
train_01093_x25_y35.png,images/train/train_01093_x25_y35.png,25,35,train
train_01094_x23_y15.png,images/train/train_01094_x23_y15.png,23,15,train
train_01095_x45_y2.png,images/train/train_01095_x45_y2.png,45,2,train
train_01096_x5_y0.png,images/train/train_01096_x5_y0.png,5,0,train
train_01097_x8_y13.png,images/train/train_01097_x8_y13.png,8,13,train
train_01098_x48_y11.png,images/train/train_01098_x48_y11.png,48,11,train
train_01099_x41_y30.png,images/train/train_01099_x41_y30.png,41,30,train
train_01100_x6_y10.png,images/train/train_01100_x6_y10.png,6,10,train
train_01101_x17_y43.png,images/train/train_01101_x17_y43.png,17,43,train
train_01102_x48_y22.png,images/train/train_01102_x48_y22.png,48,22,train
train_01103_x0_y15.png,images/train/train_01103_x0_y15.png,0,15,train
train_01104_x14_y21.png,images/train/train_01104_x14_y21.png,14,21,train
train_01105_x43_y40.png,images/train/train_01105_x43_y40.png,43,40,train
train_01106_x19_y31.png,images/train/train_01106_x19_y31.png,19,31,train
train_01107_x42_y4.png,images/train/train_01107_x42_y4.png,42,4,train
train_01108_x39_y23.png,images/train/train_01108_x39_y23.png,39,23,train
train_01109_x7_y13.png,images/train/train_01109_x7_y13.png,7,13,train
train_01110_x32_y19.png,images/train/train_01110_x32_y19.png,32,19,train
train_01111_x3_y32.png,images/train/train_01111_x3_y32.png,3,32,train
train_01112_x19_y35.png,images/train/train_01112_x19_y35.png,19,35,train
train_01113_x27_y37.png,images/train/train_01113_x27_y37.png,27,37,train
train_01114_x42_y19.png,images/train/train_01114_x42_y19.png,42,19,train
train_01115_x41_y25.png,images/train/train_01115_x41_y25.png,41,25,train
train_01116_x3_y37.png,images/train/train_01116_x3_y37.png,3,37,train
train_01117_x12_y19.png,images/train/train_01117_x12_y19.png,12,19,train
train_01118_x22_y21.png,images/train/train_01118_x22_y21.png,22,21,train
train_01119_x12_y14.png,images/train/train_01119_x12_y14.png,12,14,train
train_01120_x43_y45.png,images/train/train_01120_x43_y45.png,43,45,train
train_01121_x19_y44.png,images/train/train_01121_x19_y44.png,19,44,train
train_01122_x40_y33.png,images/train/train_01122_x40_y33.png,40,33,train
train_01123_x7_y21.png,images/train/train_01123_x7_y21.png,7,21,train
train_01124_x26_y38.png,images/train/train_01124_x26_y38.png,26,38,train
train_01125_x11_y43.png,images/train/train_01125_x11_y43.png,11,43,train
train_01126_x14_y26.png,images/train/train_01126_x14_y26.png,14,26,train
train_01127_x36_y42.png,images/train/train_01127_x36_y42.png,36,42,train
train_01128_x13_y37.png,images/train/train_01128_x13_y37.png,13,37,train
train_01129_x33_y10.png,images/train/train_01129_x33_y10.png,33,10,train
train_01130_x2_y36.png,images/train/train_01130_x2_y36.png,2,36,train
train_01131_x12_y28.png,images/train/train_01131_x12_y28.png,12,28,train
train_01132_x6_y34.png,images/train/train_01132_x6_y34.png,6,34,train
train_01133_x29_y30.png,images/train/train_01133_x29_y30.png,29,30,train
train_01134_x44_y36.png,images/train/train_01134_x44_y36.png,44,36,train
train_01135_x22_y9.png,images/train/train_01135_x22_y9.png,22,9,train
train_01136_x27_y10.png,images/train/train_01136_x27_y10.png,27,10,train
train_01137_x35_y36.png,images/train/train_01137_x35_y36.png,35,36,train
train_01138_x14_y10.png,images/train/train_01138_x14_y10.png,14,10,train
train_01139_x20_y39.png,images/train/train_01139_x20_y39.png,20,39,train
train_01140_x26_y8.png,images/train/train_01140_x26_y8.png,26,8,train
train_01141_x35_y24.png,images/train/train_01141_x35_y24.png,35,24,train
train_01142_x45_y48.png,images/train/train_01142_x45_y48.png,45,48,train
train_01143_x22_y12.png,images/train/train_01143_x22_y12.png,22,12,train
train_01144_x9_y15.png,images/train/train_01144_x9_y15.png,9,15,train
train_01145_x27_y9.png,images/train/train_01145_x27_y9.png,27,9,train
train_01146_x49_y21.png,images/train/train_01146_x49_y21.png,49,21,train
train_01147_x42_y45.png,images/train/train_01147_x42_y45.png,42,45,train
train_01148_x22_y4.png,images/train/train_01148_x22_y4.png,22,4,train
train_01149_x27_y36.png,images/train/train_01149_x27_y36.png,27,36,train
train_01150_x39_y49.png,images/train/train_01150_x39_y49.png,39,49,train
train_01151_x29_y1.png,images/train/train_01151_x29_y1.png,29,1,train
train_01152_x41_y41.png,images/train/train_01152_x41_y41.png,41,41,train
train_01153_x37_y9.png,images/train/train_01153_x37_y9.png,37,9,train
train_01154_x23_y20.png,images/train/train_01154_x23_y20.png,23,20,train
train_01155_x41_y48.png,images/train/train_01155_x41_y48.png,41,48,train
train_01156_x16_y16.png,images/train/train_01156_x16_y16.png,16,16,train
train_01157_x21_y17.png,images/train/train_01157_x21_y17.png,21,17,train
train_01158_x5_y24.png,images/train/train_01158_x5_y24.png,5,24,train
train_01159_x34_y1.png,images/train/train_01159_x34_y1.png,34,1,train
train_01160_x17_y15.png,images/train/train_01160_x17_y15.png,17,15,train
train_01161_x2_y1.png,images/train/train_01161_x2_y1.png,2,1,train
train_01162_x32_y13.png,images/train/train_01162_x32_y13.png,32,13,train
train_01163_x2_y7.png,images/train/train_01163_x2_y7.png,2,7,train
train_01164_x49_y38.png,images/train/train_01164_x49_y38.png,49,38,train
train_01165_x29_y33.png,images/train/train_01165_x29_y33.png,29,33,train
train_01166_x27_y11.png,images/train/train_01166_x27_y11.png,27,11,train
train_01167_x24_y22.png,images/train/train_01167_x24_y22.png,24,22,train
train_01168_x27_y18.png,images/train/train_01168_x27_y18.png,27,18,train
train_01169_x43_y22.png,images/train/train_01169_x43_y22.png,43,22,train
train_01170_x47_y22.png,images/train/train_01170_x47_y22.png,47,22,train
train_01171_x29_y49.png,images/train/train_01171_x29_y49.png,29,49,train
train_01172_x14_y12.png,images/train/train_01172_x14_y12.png,14,12,train
train_01173_x1_y22.png,images/train/train_01173_x1_y22.png,1,22,train
train_01174_x36_y0.png,images/train/train_01174_x36_y0.png,36,0,train
train_01175_x48_y3.png,images/train/train_01175_x48_y3.png,48,3,train
train_01176_x9_y31.png,images/train/train_01176_x9_y31.png,9,31,train
train_01177_x33_y15.png,images/train/train_01177_x33_y15.png,33,15,train
train_01178_x28_y19.png,images/train/train_01178_x28_y19.png,28,19,train
train_01179_x23_y21.png,images/train/train_01179_x23_y21.png,23,21,train
train_01180_x40_y22.png,images/train/train_01180_x40_y22.png,40,22,train
train_01181_x28_y41.png,images/train/train_01181_x28_y41.png,28,41,train
train_01182_x8_y5.png,images/train/train_01182_x8_y5.png,8,5,train
train_01183_x15_y7.png,images/train/train_01183_x15_y7.png,15,7,train
train_01184_x27_y12.png,images/train/train_01184_x27_y12.png,27,12,train
train_01185_x32_y20.png,images/train/train_01185_x32_y20.png,32,20,train
train_01186_x32_y11.png,images/train/train_01186_x32_y11.png,32,11,train
train_01187_x44_y20.png,images/train/train_01187_x44_y20.png,44,20,train
train_01188_x14_y43.png,images/train/train_01188_x14_y43.png,14,43,train
train_01189_x16_y6.png,images/train/train_01189_x16_y6.png,16,6,train
train_01190_x46_y8.png,images/train/train_01190_x46_y8.png,46,8,train
train_01191_x26_y17.png,images/train/train_01191_x26_y17.png,26,17,train
train_01192_x37_y46.png,images/train/train_01192_x37_y46.png,37,46,train
train_01193_x30_y6.png,images/train/train_01193_x30_y6.png,30,6,train
train_01194_x2_y48.png,images/train/train_01194_x2_y48.png,2,48,train
train_01195_x42_y11.png,images/train/train_01195_x42_y11.png,42,11,train
train_01196_x28_y36.png,images/train/train_01196_x28_y36.png,28,36,train
train_01197_x13_y42.png,images/train/train_01197_x13_y42.png,13,42,train
train_01198_x16_y18.png,images/train/train_01198_x16_y18.png,16,18,train
train_01199_x35_y6.png,images/train/train_01199_x35_y6.png,35,6,train
train_01200_x33_y3.png,images/train/train_01200_x33_y3.png,33,3,train
train_01201_x34_y14.png,images/train/train_01201_x34_y14.png,34,14,train
train_01202_x14_y1.png,images/train/train_01202_x14_y1.png,14,1,train
train_01203_x44_y11.png,images/train/train_01203_x44_y11.png,44,11,train
train_01204_x18_y21.png,images/train/train_01204_x18_y21.png,18,21,train
train_01205_x18_y5.png,images/train/train_01205_x18_y5.png,18,5,train
train_01206_x9_y4.png,images/train/train_01206_x9_y4.png,9,4,train
train_01207_x47_y43.png,images/train/train_01207_x47_y43.png,47,43,train
train_01208_x35_y43.png,images/train/train_01208_x35_y43.png,35,43,train
train_01209_x24_y28.png,images/train/train_01209_x24_y28.png,24,28,train
train_01210_x3_y17.png,images/train/train_01210_x3_y17.png,3,17,train
train_01211_x14_y30.png,images/train/train_01211_x14_y30.png,14,30,train
train_01212_x31_y28.png,images/train/train_01212_x31_y28.png,31,28,train
train_01213_x0_y26.png,images/train/train_01213_x0_y26.png,0,26,train
train_01214_x26_y44.png,images/train/train_01214_x26_y44.png,26,44,train
train_01215_x30_y23.png,images/train/train_01215_x30_y23.png,30,23,train
train_01216_x19_y47.png,images/train/train_01216_x19_y47.png,19,47,train
train_01217_x23_y26.png,images/train/train_01217_x23_y26.png,23,26,train
train_01218_x20_y40.png,images/train/train_01218_x20_y40.png,20,40,train
train_01219_x32_y21.png,images/train/train_01219_x32_y21.png,32,21,train
train_01220_x25_y5.png,images/train/train_01220_x25_y5.png,25,5,train
train_01221_x37_y37.png,images/train/train_01221_x37_y37.png,37,37,train
train_01222_x0_y41.png,images/train/train_01222_x0_y41.png,0,41,train
train_01223_x24_y44.png,images/train/train_01223_x24_y44.png,24,44,train
train_01224_x32_y26.png,images/train/train_01224_x32_y26.png,32,26,train
train_01225_x43_y44.png,images/train/train_01225_x43_y44.png,43,44,train
train_01226_x27_y25.png,images/train/train_01226_x27_y25.png,27,25,train
train_01227_x38_y22.png,images/train/train_01227_x38_y22.png,38,22,train
train_01228_x12_y9.png,images/train/train_01228_x12_y9.png,12,9,train
train_01229_x22_y32.png,images/train/train_01229_x22_y32.png,22,32,train
train_01230_x40_y2.png,images/train/train_01230_x40_y2.png,40,2,train
train_01231_x8_y41.png,images/train/train_01231_x8_y41.png,8,41,train
train_01232_x27_y2.png,images/train/train_01232_x27_y2.png,27,2,train
train_01233_x38_y42.png,images/train/train_01233_x38_y42.png,38,42,train
train_01234_x9_y43.png,images/train/train_01234_x9_y43.png,9,43,train
train_01235_x39_y25.png,images/train/train_01235_x39_y25.png,39,25,train
train_01236_x4_y36.png,images/train/train_01236_x4_y36.png,4,36,train
train_01237_x11_y1.png,images/train/train_01237_x11_y1.png,11,1,train
train_01238_x10_y20.png,images/train/train_01238_x10_y20.png,10,20,train
train_01239_x45_y46.png,images/train/train_01239_x45_y46.png,45,46,train
train_01240_x24_y32.png,images/train/train_01240_x24_y32.png,24,32,train
train_01241_x22_y38.png,images/train/train_01241_x22_y38.png,22,38,train
train_01242_x14_y20.png,images/train/train_01242_x14_y20.png,14,20,train
train_01243_x38_y7.png,images/train/train_01243_x38_y7.png,38,7,train
train_01244_x44_y8.png,images/train/train_01244_x44_y8.png,44,8,train
train_01245_x1_y8.png,images/train/train_01245_x1_y8.png,1,8,train
train_01246_x12_y31.png,images/train/train_01246_x12_y31.png,12,31,train
train_01247_x23_y31.png,images/train/train_01247_x23_y31.png,23,31,train
train_01248_x32_y44.png,images/train/train_01248_x32_y44.png,32,44,train
train_01249_x11_y42.png,images/train/train_01249_x11_y42.png,11,42,train
train_01250_x43_y26.png,images/train/train_01250_x43_y26.png,43,26,train
train_01251_x18_y39.png,images/train/train_01251_x18_y39.png,18,39,train
train_01252_x46_y25.png,images/train/train_01252_x46_y25.png,46,25,train
train_01253_x24_y49.png,images/train/train_01253_x24_y49.png,24,49,train
train_01254_x18_y4.png,images/train/train_01254_x18_y4.png,18,4,train
train_01255_x38_y46.png,images/train/train_01255_x38_y46.png,38,46,train
train_01256_x47_y48.png,images/train/train_01256_x47_y48.png,47,48,train
train_01257_x40_y13.png,images/train/train_01257_x40_y13.png,40,13,train
train_01258_x28_y22.png,images/train/train_01258_x28_y22.png,28,22,train
train_01259_x39_y45.png,images/train/train_01259_x39_y45.png,39,45,train
train_01260_x38_y11.png,images/train/train_01260_x38_y11.png,38,11,train
train_01261_x14_y6.png,images/train/train_01261_x14_y6.png,14,6,train
train_01262_x20_y22.png,images/train/train_01262_x20_y22.png,20,22,train
train_01263_x14_y45.png,images/train/train_01263_x14_y45.png,14,45,train
train_01264_x36_y29.png,images/train/train_01264_x36_y29.png,36,29,train
train_01265_x34_y12.png,images/train/train_01265_x34_y12.png,34,12,train
train_01266_x10_y13.png,images/train/train_01266_x10_y13.png,10,13,train
train_01267_x1_y31.png,images/train/train_01267_x1_y31.png,1,31,train
train_01268_x44_y15.png,images/train/train_01268_x44_y15.png,44,15,train
train_01269_x18_y14.png,images/train/train_01269_x18_y14.png,18,14,train
train_01270_x46_y1.png,images/train/train_01270_x46_y1.png,46,1,train
train_01271_x36_y17.png,images/train/train_01271_x36_y17.png,36,17,train
train_01272_x3_y0.png,images/train/train_01272_x3_y0.png,3,0,train
train_01273_x15_y24.png,images/train/train_01273_x15_y24.png,15,24,train
train_01274_x6_y29.png,images/train/train_01274_x6_y29.png,6,29,train
train_01275_x0_y6.png,images/train/train_01275_x0_y6.png,0,6,train
train_01276_x18_y43.png,images/train/train_01276_x18_y43.png,18,43,train
train_01277_x31_y44.png,images/train/train_01277_x31_y44.png,31,44,train
train_01278_x14_y34.png,images/train/train_01278_x14_y34.png,14,34,train
train_01279_x18_y9.png,images/train/train_01279_x18_y9.png,18,9,train
train_01280_x9_y18.png,images/train/train_01280_x9_y18.png,9,18,train
train_01281_x3_y31.png,images/train/train_01281_x3_y31.png,3,31,train
train_01282_x3_y14.png,images/train/train_01282_x3_y14.png,3,14,train
train_01283_x9_y1.png,images/train/train_01283_x9_y1.png,9,1,train
train_01284_x9_y40.png,images/train/train_01284_x9_y40.png,9,40,train
train_01285_x38_y16.png,images/train/train_01285_x38_y16.png,38,16,train
train_01286_x22_y43.png,images/train/train_01286_x22_y43.png,22,43,train
train_01287_x33_y47.png,images/train/train_01287_x33_y47.png,33,47,train
train_01288_x22_y11.png,images/train/train_01288_x22_y11.png,22,11,train
train_01289_x47_y30.png,images/train/train_01289_x47_y30.png,47,30,train
train_01290_x29_y25.png,images/train/train_01290_x29_y25.png,29,25,train
train_01291_x29_y37.png,images/train/train_01291_x29_y37.png,29,37,train
train_01292_x34_y13.png,images/train/train_01292_x34_y13.png,34,13,train
train_01293_x36_y20.png,images/train/train_01293_x36_y20.png,36,20,train
train_01294_x41_y29.png,images/train/train_01294_x41_y29.png,41,29,train
train_01295_x36_y49.png,images/train/train_01295_x36_y49.png,36,49,train
train_01296_x34_y32.png,images/train/train_01296_x34_y32.png,34,32,train
train_01297_x35_y42.png,images/train/train_01297_x35_y42.png,35,42,train
train_01298_x6_y27.png,images/train/train_01298_x6_y27.png,6,27,train
train_01299_x8_y42.png,images/train/train_01299_x8_y42.png,8,42,train
train_01300_x31_y42.png,images/train/train_01300_x31_y42.png,31,42,train
train_01301_x27_y31.png,images/train/train_01301_x27_y31.png,27,31,train
train_01302_x16_y32.png,images/train/train_01302_x16_y32.png,16,32,train
train_01303_x49_y17.png,images/train/train_01303_x49_y17.png,49,17,train
train_01304_x37_y41.png,images/train/train_01304_x37_y41.png,37,41,train
train_01305_x26_y10.png,images/train/train_01305_x26_y10.png,26,10,train
train_01306_x1_y36.png,images/train/train_01306_x1_y36.png,1,36,train
train_01307_x48_y40.png,images/train/train_01307_x48_y40.png,48,40,train
train_01308_x15_y27.png,images/train/train_01308_x15_y27.png,15,27,train
train_01309_x48_y26.png,images/train/train_01309_x48_y26.png,48,26,train
train_01310_x1_y4.png,images/train/train_01310_x1_y4.png,1,4,train
train_01311_x37_y25.png,images/train/train_01311_x37_y25.png,37,25,train
train_01312_x25_y37.png,images/train/train_01312_x25_y37.png,25,37,train
train_01313_x34_y31.png,images/train/train_01313_x34_y31.png,34,31,train
train_01314_x36_y1.png,images/train/train_01314_x36_y1.png,36,1,train
train_01315_x24_y45.png,images/train/train_01315_x24_y45.png,24,45,train
train_01316_x2_y13.png,images/train/train_01316_x2_y13.png,2,13,train
train_01317_x46_y41.png,images/train/train_01317_x46_y41.png,46,41,train
train_01318_x19_y37.png,images/train/train_01318_x19_y37.png,19,37,train
train_01319_x45_y11.png,images/train/train_01319_x45_y11.png,45,11,train
train_01320_x41_y23.png,images/train/train_01320_x41_y23.png,41,23,train
train_01321_x20_y9.png,images/train/train_01321_x20_y9.png,20,9,train
train_01322_x23_y48.png,images/train/train_01322_x23_y48.png,23,48,train
train_01323_x11_y39.png,images/train/train_01323_x11_y39.png,11,39,train
train_01324_x15_y18.png,images/train/train_01324_x15_y18.png,15,18,train
train_01325_x0_y17.png,images/train/train_01325_x0_y17.png,0,17,train
train_01326_x20_y42.png,images/train/train_01326_x20_y42.png,20,42,train
train_01327_x40_y40.png,images/train/train_01327_x40_y40.png,40,40,train
train_01328_x5_y35.png,images/train/train_01328_x5_y35.png,5,35,train
train_01329_x8_y28.png,images/train/train_01329_x8_y28.png,8,28,train
train_01330_x38_y21.png,images/train/train_01330_x38_y21.png,38,21,train
train_01331_x27_y6.png,images/train/train_01331_x27_y6.png,27,6,train
train_01332_x13_y19.png,images/train/train_01332_x13_y19.png,13,19,train
train_01333_x0_y31.png,images/train/train_01333_x0_y31.png,0,31,train
train_01334_x14_y22.png,images/train/train_01334_x14_y22.png,14,22,train
train_01335_x19_y1.png,images/train/train_01335_x19_y1.png,19,1,train
train_01336_x35_y14.png,images/train/train_01336_x35_y14.png,35,14,train
train_01337_x4_y14.png,images/train/train_01337_x4_y14.png,4,14,train
train_01338_x35_y39.png,images/train/train_01338_x35_y39.png,35,39,train
train_01339_x23_y14.png,images/train/train_01339_x23_y14.png,23,14,train
train_01340_x6_y26.png,images/train/train_01340_x6_y26.png,6,26,train
train_01341_x11_y10.png,images/train/train_01341_x11_y10.png,11,10,train
train_01342_x21_y36.png,images/train/train_01342_x21_y36.png,21,36,train
train_01343_x36_y30.png,images/train/train_01343_x36_y30.png,36,30,train
train_01344_x6_y41.png,images/train/train_01344_x6_y41.png,6,41,train
train_01345_x2_y47.png,images/train/train_01345_x2_y47.png,2,47,train
train_01346_x36_y40.png,images/train/train_01346_x36_y40.png,36,40,train
train_01347_x22_y7.png,images/train/train_01347_x22_y7.png,22,7,train
train_01348_x16_y48.png,images/train/train_01348_x16_y48.png,16,48,train
train_01349_x19_y16.png,images/train/train_01349_x19_y16.png,19,16,train
train_01350_x21_y22.png,images/train/train_01350_x21_y22.png,21,22,train
train_01351_x3_y5.png,images/train/train_01351_x3_y5.png,3,5,train
train_01352_x42_y41.png,images/train/train_01352_x42_y41.png,42,41,train
train_01353_x42_y10.png,images/train/train_01353_x42_y10.png,42,10,train
train_01354_x20_y2.png,images/train/train_01354_x20_y2.png,20,2,train
train_01355_x36_y44.png,images/train/train_01355_x36_y44.png,36,44,train
train_01356_x41_y42.png,images/train/train_01356_x41_y42.png,41,42,train
train_01357_x36_y48.png,images/train/train_01357_x36_y48.png,36,48,train
train_01358_x44_y9.png,images/train/train_01358_x44_y9.png,44,9,train
train_01359_x47_y2.png,images/train/train_01359_x47_y2.png,47,2,train
train_01360_x24_y3.png,images/train/train_01360_x24_y3.png,24,3,train
train_01361_x32_y32.png,images/train/train_01361_x32_y32.png,32,32,train
train_01362_x46_y45.png,images/train/train_01362_x46_y45.png,46,45,train
train_01363_x27_y43.png,images/train/train_01363_x27_y43.png,27,43,train
train_01364_x47_y1.png,images/train/train_01364_x47_y1.png,47,1,train
train_01365_x45_y38.png,images/train/train_01365_x45_y38.png,45,38,train
train_01366_x39_y30.png,images/train/train_01366_x39_y30.png,39,30,train
train_01367_x44_y42.png,images/train/train_01367_x44_y42.png,44,42,train
train_01368_x18_y38.png,images/train/train_01368_x18_y38.png,18,38,train
train_01369_x44_y44.png,images/train/train_01369_x44_y44.png,44,44,train
train_01370_x6_y46.png,images/train/train_01370_x6_y46.png,6,46,train
train_01371_x41_y34.png,images/train/train_01371_x41_y34.png,41,34,train
train_01372_x49_y24.png,images/train/train_01372_x49_y24.png,49,24,train
train_01373_x28_y18.png,images/train/train_01373_x28_y18.png,28,18,train
train_01374_x7_y35.png,images/train/train_01374_x7_y35.png,7,35,train
train_01375_x31_y30.png,images/train/train_01375_x31_y30.png,31,30,train
train_01376_x41_y47.png,images/train/train_01376_x41_y47.png,41,47,train
train_01377_x4_y43.png,images/train/train_01377_x4_y43.png,4,43,train
train_01378_x32_y22.png,images/train/train_01378_x32_y22.png,32,22,train
train_01379_x18_y36.png,images/train/train_01379_x18_y36.png,18,36,train
train_01380_x44_y21.png,images/train/train_01380_x44_y21.png,44,21,train
train_01381_x6_y12.png,images/train/train_01381_x6_y12.png,6,12,train
train_01382_x48_y39.png,images/train/train_01382_x48_y39.png,48,39,train
train_01383_x30_y24.png,images/train/train_01383_x30_y24.png,30,24,train
train_01384_x26_y32.png,images/train/train_01384_x26_y32.png,26,32,train
train_01385_x19_y18.png,images/train/train_01385_x19_y18.png,19,18,train
train_01386_x13_y10.png,images/train/train_01386_x13_y10.png,13,10,train
train_01387_x18_y35.png,images/train/train_01387_x18_y35.png,18,35,train
train_01388_x7_y20.png,images/train/train_01388_x7_y20.png,7,20,train
train_01389_x11_y16.png,images/train/train_01389_x11_y16.png,11,16,train
train_01390_x39_y7.png,images/train/train_01390_x39_y7.png,39,7,train
train_01391_x16_y24.png,images/train/train_01391_x16_y24.png,16,24,train
train_01392_x19_y32.png,images/train/train_01392_x19_y32.png,19,32,train
train_01393_x39_y29.png,images/train/train_01393_x39_y29.png,39,29,train
train_01394_x29_y27.png,images/train/train_01394_x29_y27.png,29,27,train
train_01395_x42_y48.png,images/train/train_01395_x42_y48.png,42,48,train
train_01396_x16_y13.png,images/train/train_01396_x16_y13.png,16,13,train
train_01397_x15_y28.png,images/train/train_01397_x15_y28.png,15,28,train
train_01398_x26_y20.png,images/train/train_01398_x26_y20.png,26,20,train
train_01399_x30_y21.png,images/train/train_01399_x30_y21.png,30,21,train
train_01400_x21_y2.png,images/train/train_01400_x21_y2.png,21,2,train
train_01401_x36_y13.png,images/train/train_01401_x36_y13.png,36,13,train
train_01402_x20_y13.png,images/train/train_01402_x20_y13.png,20,13,train
train_01403_x28_y1.png,images/train/train_01403_x28_y1.png,28,1,train
train_01404_x34_y9.png,images/train/train_01404_x34_y9.png,34,9,train
train_01405_x41_y21.png,images/train/train_01405_x41_y21.png,41,21,train
train_01406_x35_y3.png,images/train/train_01406_x35_y3.png,35,3,train
train_01407_x2_y26.png,images/train/train_01407_x2_y26.png,2,26,train
train_01408_x17_y37.png,images/train/train_01408_x17_y37.png,17,37,train
train_01409_x40_y29.png,images/train/train_01409_x40_y29.png,40,29,train
train_01410_x26_y47.png,images/train/train_01410_x26_y47.png,26,47,train
train_01411_x20_y7.png,images/train/train_01411_x20_y7.png,20,7,train
train_01412_x7_y5.png,images/train/train_01412_x7_y5.png,7,5,train
train_01413_x20_y3.png,images/train/train_01413_x20_y3.png,20,3,train
train_01414_x13_y32.png,images/train/train_01414_x13_y32.png,13,32,train
train_01415_x16_y27.png,images/train/train_01415_x16_y27.png,16,27,train
train_01416_x29_y41.png,images/train/train_01416_x29_y41.png,29,41,train
train_01417_x19_y34.png,images/train/train_01417_x19_y34.png,19,34,train
train_01418_x24_y33.png,images/train/train_01418_x24_y33.png,24,33,train
train_01419_x42_y21.png,images/train/train_01419_x42_y21.png,42,21,train
train_01420_x2_y40.png,images/train/train_01420_x2_y40.png,2,40,train
train_01421_x4_y17.png,images/train/train_01421_x4_y17.png,4,17,train
train_01422_x40_y48.png,images/train/train_01422_x40_y48.png,40,48,train
train_01423_x33_y4.png,images/train/train_01423_x33_y4.png,33,4,train
train_01424_x44_y18.png,images/train/train_01424_x44_y18.png,44,18,train
train_01425_x34_y0.png,images/train/train_01425_x34_y0.png,34,0,train
train_01426_x29_y3.png,images/train/train_01426_x29_y3.png,29,3,train
train_01427_x0_y22.png,images/train/train_01427_x0_y22.png,0,22,train
train_01428_x14_y11.png,images/train/train_01428_x14_y11.png,14,11,train
train_01429_x23_y7.png,images/train/train_01429_x23_y7.png,23,7,train
train_01430_x33_y34.png,images/train/train_01430_x33_y34.png,33,34,train
train_01431_x17_y21.png,images/train/train_01431_x17_y21.png,17,21,train
train_01432_x29_y11.png,images/train/train_01432_x29_y11.png,29,11,train
train_01433_x0_y10.png,images/train/train_01433_x0_y10.png,0,10,train
train_01434_x34_y40.png,images/train/train_01434_x34_y40.png,34,40,train
train_01435_x47_y6.png,images/train/train_01435_x47_y6.png,47,6,train
train_01436_x46_y23.png,images/train/train_01436_x46_y23.png,46,23,train
train_01437_x26_y15.png,images/train/train_01437_x26_y15.png,26,15,train
train_01438_x15_y4.png,images/train/train_01438_x15_y4.png,15,4,train
train_01439_x12_y26.png,images/train/train_01439_x12_y26.png,12,26,train
train_01440_x34_y28.png,images/train/train_01440_x34_y28.png,34,28,train
train_01441_x29_y18.png,images/train/train_01441_x29_y18.png,29,18,train
train_01442_x2_y29.png,images/train/train_01442_x2_y29.png,2,29,train
train_01443_x16_y43.png,images/train/train_01443_x16_y43.png,16,43,train
train_01444_x6_y23.png,images/train/train_01444_x6_y23.png,6,23,train
train_01445_x43_y6.png,images/train/train_01445_x43_y6.png,43,6,train
train_01446_x28_y48.png,images/train/train_01446_x28_y48.png,28,48,train
train_01447_x25_y34.png,images/train/train_01447_x25_y34.png,25,34,train
train_01448_x48_y21.png,images/train/train_01448_x48_y21.png,48,21,train
train_01449_x0_y14.png,images/train/train_01449_x0_y14.png,0,14,train
train_01450_x40_y46.png,images/train/train_01450_x40_y46.png,40,46,train
train_01451_x4_y15.png,images/train/train_01451_x4_y15.png,4,15,train
train_01452_x32_y24.png,images/train/train_01452_x32_y24.png,32,24,train
train_01453_x38_y37.png,images/train/train_01453_x38_y37.png,38,37,train
train_01454_x23_y32.png,images/train/train_01454_x23_y32.png,23,32,train
train_01455_x33_y0.png,images/train/train_01455_x33_y0.png,33,0,train
train_01456_x31_y11.png,images/train/train_01456_x31_y11.png,31,11,train
train_01457_x17_y14.png,images/train/train_01457_x17_y14.png,17,14,train
train_01458_x10_y16.png,images/train/train_01458_x10_y16.png,10,16,train
train_01459_x11_y47.png,images/train/train_01459_x11_y47.png,11,47,train
train_01460_x3_y45.png,images/train/train_01460_x3_y45.png,3,45,train
train_01461_x25_y27.png,images/train/train_01461_x25_y27.png,25,27,train
train_01462_x5_y38.png,images/train/train_01462_x5_y38.png,5,38,train
train_01463_x19_y0.png,images/train/train_01463_x19_y0.png,19,0,train
train_01464_x47_y0.png,images/train/train_01464_x47_y0.png,47,0,train
train_01465_x37_y4.png,images/train/train_01465_x37_y4.png,37,4,train
train_01466_x47_y31.png,images/train/train_01466_x47_y31.png,47,31,train
train_01467_x22_y20.png,images/train/train_01467_x22_y20.png,22,20,train
train_01468_x31_y22.png,images/train/train_01468_x31_y22.png,31,22,train
train_01469_x10_y49.png,images/train/train_01469_x10_y49.png,10,49,train
train_01470_x3_y6.png,images/train/train_01470_x3_y6.png,3,6,train
train_01471_x8_y19.png,images/train/train_01471_x8_y19.png,8,19,train
train_01472_x18_y22.png,images/train/train_01472_x18_y22.png,18,22,train
train_01473_x32_y41.png,images/train/train_01473_x32_y41.png,32,41,train
train_01474_x9_y27.png,images/train/train_01474_x9_y27.png,9,27,train
train_01475_x32_y5.png,images/train/train_01475_x32_y5.png,32,5,train
train_01476_x45_y19.png,images/train/train_01476_x45_y19.png,45,19,train
train_01477_x29_y21.png,images/train/train_01477_x29_y21.png,29,21,train
train_01478_x11_y3.png,images/train/train_01478_x11_y3.png,11,3,train
train_01479_x24_y2.png,images/train/train_01479_x24_y2.png,24,2,train
train_01480_x7_y40.png,images/train/train_01480_x7_y40.png,7,40,train
train_01481_x11_y28.png,images/train/train_01481_x11_y28.png,11,28,train
train_01482_x46_y13.png,images/train/train_01482_x46_y13.png,46,13,train
train_01483_x47_y17.png,images/train/train_01483_x47_y17.png,47,17,train
train_01484_x45_y16.png,images/train/train_01484_x45_y16.png,45,16,train
train_01485_x16_y20.png,images/train/train_01485_x16_y20.png,16,20,train
train_01486_x49_y35.png,images/train/train_01486_x49_y35.png,49,35,train
train_01487_x20_y6.png,images/train/train_01487_x20_y6.png,20,6,train
train_01488_x24_y48.png,images/train/train_01488_x24_y48.png,24,48,train
train_01489_x41_y8.png,images/train/train_01489_x41_y8.png,41,8,train
train_01490_x13_y14.png,images/train/train_01490_x13_y14.png,13,14,train
train_01491_x49_y12.png,images/train/train_01491_x49_y12.png,49,12,train
train_01492_x2_y42.png,images/train/train_01492_x2_y42.png,2,42,train
train_01493_x43_y24.png,images/train/train_01493_x43_y24.png,43,24,train
train_01494_x36_y25.png,images/train/train_01494_x36_y25.png,36,25,train
train_01495_x8_y21.png,images/train/train_01495_x8_y21.png,8,21,train
train_01496_x15_y49.png,images/train/train_01496_x15_y49.png,15,49,train
train_01497_x12_y15.png,images/train/train_01497_x12_y15.png,12,15,train
train_01498_x26_y18.png,images/train/train_01498_x26_y18.png,26,18,train
train_01499_x5_y45.png,images/train/train_01499_x5_y45.png,5,45,train
train_01500_x8_y1.png,images/train/train_01500_x8_y1.png,8,1,train
train_01501_x1_y38.png,images/train/train_01501_x1_y38.png,1,38,train
train_01502_x40_y35.png,images/train/train_01502_x40_y35.png,40,35,train
train_01503_x49_y9.png,images/train/train_01503_x49_y9.png,49,9,train
train_01504_x2_y31.png,images/train/train_01504_x2_y31.png,2,31,train
train_01505_x31_y23.png,images/train/train_01505_x31_y23.png,31,23,train
train_01506_x31_y12.png,images/train/train_01506_x31_y12.png,31,12,train
train_01507_x36_y28.png,images/train/train_01507_x36_y28.png,36,28,train
train_01508_x28_y2.png,images/train/train_01508_x28_y2.png,28,2,train
train_01509_x41_y2.png,images/train/train_01509_x41_y2.png,41,2,train
train_01510_x43_y17.png,images/train/train_01510_x43_y17.png,43,17,train
train_01511_x40_y1.png,images/train/train_01511_x40_y1.png,40,1,train
train_01512_x14_y24.png,images/train/train_01512_x14_y24.png,14,24,train
train_01513_x26_y14.png,images/train/train_01513_x26_y14.png,26,14,train
train_01514_x35_y17.png,images/train/train_01514_x35_y17.png,35,17,train
train_01515_x5_y19.png,images/train/train_01515_x5_y19.png,5,19,train
train_01516_x35_y30.png,images/train/train_01516_x35_y30.png,35,30,train
train_01517_x41_y17.png,images/train/train_01517_x41_y17.png,41,17,train
train_01518_x27_y22.png,images/train/train_01518_x27_y22.png,27,22,train
train_01519_x18_y17.png,images/train/train_01519_x18_y17.png,18,17,train
train_01520_x32_y10.png,images/train/train_01520_x32_y10.png,32,10,train
train_01521_x26_y19.png,images/train/train_01521_x26_y19.png,26,19,train
train_01522_x42_y38.png,images/train/train_01522_x42_y38.png,42,38,train
train_01523_x40_y21.png,images/train/train_01523_x40_y21.png,40,21,train
train_01524_x31_y43.png,images/train/train_01524_x31_y43.png,31,43,train
train_01525_x49_y40.png,images/train/train_01525_x49_y40.png,49,40,train
train_01526_x7_y25.png,images/train/train_01526_x7_y25.png,7,25,train
train_01527_x6_y33.png,images/train/train_01527_x6_y33.png,6,33,train
train_01528_x35_y41.png,images/train/train_01528_x35_y41.png,35,41,train
train_01529_x46_y48.png,images/train/train_01529_x46_y48.png,46,48,train
train_01530_x22_y18.png,images/train/train_01530_x22_y18.png,22,18,train
train_01531_x28_y42.png,images/train/train_01531_x28_y42.png,28,42,train
train_01532_x18_y10.png,images/train/train_01532_x18_y10.png,18,10,train
train_01533_x15_y26.png,images/train/train_01533_x15_y26.png,15,26,train
train_01534_x34_y43.png,images/train/train_01534_x34_y43.png,34,43,train
train_01535_x6_y28.png,images/train/train_01535_x6_y28.png,6,28,train
train_01536_x26_y42.png,images/train/train_01536_x26_y42.png,26,42,train
train_01537_x6_y20.png,images/train/train_01537_x6_y20.png,6,20,train
train_01538_x40_y10.png,images/train/train_01538_x40_y10.png,40,10,train
train_01539_x0_y12.png,images/train/train_01539_x0_y12.png,0,12,train
train_01540_x17_y47.png,images/train/train_01540_x17_y47.png,17,47,train
train_01541_x3_y21.png,images/train/train_01541_x3_y21.png,3,21,train
train_01542_x5_y10.png,images/train/train_01542_x5_y10.png,5,10,train
train_01543_x48_y2.png,images/train/train_01543_x48_y2.png,48,2,train
train_01544_x13_y39.png,images/train/train_01544_x13_y39.png,13,39,train
train_01545_x18_y1.png,images/train/train_01545_x18_y1.png,18,1,train
train_01546_x5_y8.png,images/train/train_01546_x5_y8.png,5,8,train
train_01547_x16_y44.png,images/train/train_01547_x16_y44.png,16,44,train
train_01548_x46_y2.png,images/train/train_01548_x46_y2.png,46,2,train
train_01549_x2_y38.png,images/train/train_01549_x2_y38.png,2,38,train
train_01550_x6_y19.png,images/train/train_01550_x6_y19.png,6,19,train
train_01551_x13_y3.png,images/train/train_01551_x13_y3.png,13,3,train
train_01552_x44_y2.png,images/train/train_01552_x44_y2.png,44,2,train
train_01553_x36_y14.png,images/train/train_01553_x36_y14.png,36,14,train
train_01554_x11_y8.png,images/train/train_01554_x11_y8.png,11,8,train
train_01555_x2_y39.png,images/train/train_01555_x2_y39.png,2,39,train
train_01556_x2_y12.png,images/train/train_01556_x2_y12.png,2,12,train
train_01557_x10_y31.png,images/train/train_01557_x10_y31.png,10,31,train
train_01558_x4_y24.png,images/train/train_01558_x4_y24.png,4,24,train
train_01559_x14_y23.png,images/train/train_01559_x14_y23.png,14,23,train
train_01560_x46_y19.png,images/train/train_01560_x46_y19.png,46,19,train
train_01561_x42_y36.png,images/train/train_01561_x42_y36.png,42,36,train
train_01562_x28_y33.png,images/train/train_01562_x28_y33.png,28,33,train
train_01563_x6_y25.png,images/train/train_01563_x6_y25.png,6,25,train
train_01564_x26_y23.png,images/train/train_01564_x26_y23.png,26,23,train
train_01565_x38_y39.png,images/train/train_01565_x38_y39.png,38,39,train
train_01566_x29_y8.png,images/train/train_01566_x29_y8.png,29,8,train
train_01567_x38_y27.png,images/train/train_01567_x38_y27.png,38,27,train
train_01568_x44_y48.png,images/train/train_01568_x44_y48.png,44,48,train
train_01569_x14_y14.png,images/train/train_01569_x14_y14.png,14,14,train
train_01570_x16_y46.png,images/train/train_01570_x16_y46.png,16,46,train
train_01571_x3_y43.png,images/train/train_01571_x3_y43.png,3,43,train
train_01572_x38_y25.png,images/train/train_01572_x38_y25.png,38,25,train
train_01573_x11_y23.png,images/train/train_01573_x11_y23.png,11,23,train
train_01574_x18_y46.png,images/train/train_01574_x18_y46.png,18,46,train
train_01575_x10_y3.png,images/train/train_01575_x10_y3.png,10,3,train
train_01576_x36_y7.png,images/train/train_01576_x36_y7.png,36,7,train
train_01577_x48_y7.png,images/train/train_01577_x48_y7.png,48,7,train
train_01578_x12_y45.png,images/train/train_01578_x12_y45.png,12,45,train
train_01579_x0_y3.png,images/train/train_01579_x0_y3.png,0,3,train
train_01580_x35_y27.png,images/train/train_01580_x35_y27.png,35,27,train
train_01581_x9_y17.png,images/train/train_01581_x9_y17.png,9,17,train
train_01582_x26_y45.png,images/train/train_01582_x26_y45.png,26,45,train
train_01583_x0_y5.png,images/train/train_01583_x0_y5.png,0,5,train
train_01584_x40_y31.png,images/train/train_01584_x40_y31.png,40,31,train
train_01585_x18_y19.png,images/train/train_01585_x18_y19.png,18,19,train
train_01586_x10_y47.png,images/train/train_01586_x10_y47.png,10,47,train
train_01587_x4_y28.png,images/train/train_01587_x4_y28.png,4,28,train
train_01588_x21_y13.png,images/train/train_01588_x21_y13.png,21,13,train
train_01589_x10_y42.png,images/train/train_01589_x10_y42.png,10,42,train
train_01590_x4_y42.png,images/train/train_01590_x4_y42.png,4,42,train
train_01591_x17_y48.png,images/train/train_01591_x17_y48.png,17,48,train
train_01592_x35_y4.png,images/train/train_01592_x35_y4.png,35,4,train
train_01593_x23_y10.png,images/train/train_01593_x23_y10.png,23,10,train
train_01594_x36_y32.png,images/train/train_01594_x36_y32.png,36,32,train
train_01595_x33_y38.png,images/train/train_01595_x33_y38.png,33,38,train
train_01596_x36_y9.png,images/train/train_01596_x36_y9.png,36,9,train
train_01597_x16_y42.png,images/train/train_01597_x16_y42.png,16,42,train
train_01598_x27_y23.png,images/train/train_01598_x27_y23.png,27,23,train
train_01599_x42_y7.png,images/train/train_01599_x42_y7.png,42,7,train
train_01600_x42_y12.png,images/train/train_01600_x42_y12.png,42,12,train
train_01601_x30_y26.png,images/train/train_01601_x30_y26.png,30,26,train
train_01602_x5_y26.png,images/train/train_01602_x5_y26.png,5,26,train
train_01603_x13_y11.png,images/train/train_01603_x13_y11.png,13,11,train
train_01604_x36_y26.png,images/train/train_01604_x36_y26.png,36,26,train
train_01605_x42_y16.png,images/train/train_01605_x42_y16.png,42,16,train
train_01606_x47_y7.png,images/train/train_01606_x47_y7.png,47,7,train
train_01607_x37_y8.png,images/train/train_01607_x37_y8.png,37,8,train
train_01608_x6_y14.png,images/train/train_01608_x6_y14.png,6,14,train
train_01609_x29_y16.png,images/train/train_01609_x29_y16.png,29,16,train
train_01610_x26_y43.png,images/train/train_01610_x26_y43.png,26,43,train
train_01611_x36_y45.png,images/train/train_01611_x36_y45.png,36,45,train
train_01612_x13_y41.png,images/train/train_01612_x13_y41.png,13,41,train
train_01613_x30_y41.png,images/train/train_01613_x30_y41.png,30,41,train
train_01614_x12_y12.png,images/train/train_01614_x12_y12.png,12,12,train
train_01615_x8_y24.png,images/train/train_01615_x8_y24.png,8,24,train
train_01616_x31_y27.png,images/train/train_01616_x31_y27.png,31,27,train
train_01617_x11_y44.png,images/train/train_01617_x11_y44.png,11,44,train
train_01618_x49_y25.png,images/train/train_01618_x49_y25.png,49,25,train
train_01619_x39_y0.png,images/train/train_01619_x39_y0.png,39,0,train
train_01620_x12_y22.png,images/train/train_01620_x12_y22.png,12,22,train
train_01621_x36_y5.png,images/train/train_01621_x36_y5.png,36,5,train
train_01622_x29_y43.png,images/train/train_01622_x29_y43.png,29,43,train
train_01623_x44_y38.png,images/train/train_01623_x44_y38.png,44,38,train
train_01624_x4_y27.png,images/train/train_01624_x4_y27.png,4,27,train
train_01625_x46_y22.png,images/train/train_01625_x46_y22.png,46,22,train
train_01626_x23_y19.png,images/train/train_01626_x23_y19.png,23,19,train
train_01627_x40_y37.png,images/train/train_01627_x40_y37.png,40,37,train
train_01628_x34_y2.png,images/train/train_01628_x34_y2.png,34,2,train
train_01629_x1_y16.png,images/train/train_01629_x1_y16.png,1,16,train
train_01630_x28_y17.png,images/train/train_01630_x28_y17.png,28,17,train
train_01631_x45_y4.png,images/train/train_01631_x45_y4.png,45,4,train
train_01632_x0_y24.png,images/train/train_01632_x0_y24.png,0,24,train
train_01633_x24_y35.png,images/train/train_01633_x24_y35.png,24,35,train
train_01634_x49_y13.png,images/train/train_01634_x49_y13.png,49,13,train
train_01635_x2_y44.png,images/train/train_01635_x2_y44.png,2,44,train
train_01636_x10_y36.png,images/train/train_01636_x10_y36.png,10,36,train
train_01637_x16_y11.png,images/train/train_01637_x16_y11.png,16,11,train
train_01638_x34_y35.png,images/train/train_01638_x34_y35.png,34,35,train
train_01639_x29_y47.png,images/train/train_01639_x29_y47.png,29,47,train
train_01640_x1_y35.png,images/train/train_01640_x1_y35.png,1,35,train
train_01641_x25_y4.png,images/train/train_01641_x25_y4.png,25,4,train
train_01642_x44_y7.png,images/train/train_01642_x44_y7.png,44,7,train
train_01643_x47_y11.png,images/train/train_01643_x47_y11.png,47,11,train
train_01644_x41_y16.png,images/train/train_01644_x41_y16.png,41,16,train
train_01645_x33_y19.png,images/train/train_01645_x33_y19.png,33,19,train
train_01646_x9_y34.png,images/train/train_01646_x9_y34.png,9,34,train
train_01647_x44_y26.png,images/train/train_01647_x44_y26.png,44,26,train
train_01648_x47_y36.png,images/train/train_01648_x47_y36.png,47,36,train
train_01649_x14_y38.png,images/train/train_01649_x14_y38.png,14,38,train
train_01650_x35_y20.png,images/train/train_01650_x35_y20.png,35,20,train
train_01651_x43_y38.png,images/train/train_01651_x43_y38.png,43,38,train
train_01652_x49_y11.png,images/train/train_01652_x49_y11.png,49,11,train
train_01653_x34_y42.png,images/train/train_01653_x34_y42.png,34,42,train
train_01654_x7_y12.png,images/train/train_01654_x7_y12.png,7,12,train
train_01655_x14_y49.png,images/train/train_01655_x14_y49.png,14,49,train
train_01656_x42_y5.png,images/train/train_01656_x42_y5.png,42,5,train
train_01657_x32_y46.png,images/train/train_01657_x32_y46.png,32,46,train
train_01658_x20_y26.png,images/train/train_01658_x20_y26.png,20,26,train
train_01659_x20_y30.png,images/train/train_01659_x20_y30.png,20,30,train
train_01660_x37_y18.png,images/train/train_01660_x37_y18.png,37,18,train
train_01661_x26_y35.png,images/train/train_01661_x26_y35.png,26,35,train
train_01662_x41_y9.png,images/train/train_01662_x41_y9.png,41,9,train
train_01663_x37_y44.png,images/train/train_01663_x37_y44.png,37,44,train
train_01664_x13_y15.png,images/train/train_01664_x13_y15.png,13,15,train
train_01665_x7_y14.png,images/train/train_01665_x7_y14.png,7,14,train
train_01666_x45_y42.png,images/train/train_01666_x45_y42.png,45,42,train
train_01667_x24_y39.png,images/train/train_01667_x24_y39.png,24,39,train
train_01668_x1_y27.png,images/train/train_01668_x1_y27.png,1,27,train
train_01669_x0_y27.png,images/train/train_01669_x0_y27.png,0,27,train
train_01670_x9_y23.png,images/train/train_01670_x9_y23.png,9,23,train
train_01671_x10_y25.png,images/train/train_01671_x10_y25.png,10,25,train
train_01672_x14_y25.png,images/train/train_01672_x14_y25.png,14,25,train
train_01673_x1_y5.png,images/train/train_01673_x1_y5.png,1,5,train
train_01674_x12_y38.png,images/train/train_01674_x12_y38.png,12,38,train
train_01675_x6_y2.png,images/train/train_01675_x6_y2.png,6,2,train
train_01676_x14_y18.png,images/train/train_01676_x14_y18.png,14,18,train
train_01677_x37_y21.png,images/train/train_01677_x37_y21.png,37,21,train
train_01678_x12_y24.png,images/train/train_01678_x12_y24.png,12,24,train
train_01679_x0_y7.png,images/train/train_01679_x0_y7.png,0,7,train
train_01680_x25_y30.png,images/train/train_01680_x25_y30.png,25,30,train
train_01681_x16_y3.png,images/train/train_01681_x16_y3.png,16,3,train
train_01682_x20_y49.png,images/train/train_01682_x20_y49.png,20,49,train
train_01683_x6_y36.png,images/train/train_01683_x6_y36.png,6,36,train
train_01684_x31_y46.png,images/train/train_01684_x31_y46.png,31,46,train
train_01685_x0_y47.png,images/train/train_01685_x0_y47.png,0,47,train
train_01686_x43_y2.png,images/train/train_01686_x43_y2.png,43,2,train
train_01687_x2_y6.png,images/train/train_01687_x2_y6.png,2,6,train
train_01688_x6_y49.png,images/train/train_01688_x6_y49.png,6,49,train
train_01689_x21_y29.png,images/train/train_01689_x21_y29.png,21,29,train
train_01690_x4_y38.png,images/train/train_01690_x4_y38.png,4,38,train
train_01691_x4_y13.png,images/train/train_01691_x4_y13.png,4,13,train
train_01692_x22_y44.png,images/train/train_01692_x22_y44.png,22,44,train
train_01693_x47_y29.png,images/train/train_01693_x47_y29.png,47,29,train
train_01694_x35_y11.png,images/train/train_01694_x35_y11.png,35,11,train
train_01695_x15_y43.png,images/train/train_01695_x15_y43.png,15,43,train
train_01696_x21_y46.png,images/train/train_01696_x21_y46.png,21,46,train
train_01697_x44_y6.png,images/train/train_01697_x44_y6.png,44,6,train
train_01698_x34_y39.png,images/train/train_01698_x34_y39.png,34,39,train
train_01699_x44_y22.png,images/train/train_01699_x44_y22.png,44,22,train
train_01700_x6_y45.png,images/train/train_01700_x6_y45.png,6,45,train
train_01701_x10_y23.png,images/train/train_01701_x10_y23.png,10,23,train
train_01702_x4_y32.png,images/train/train_01702_x4_y32.png,4,32,train
train_01703_x12_y44.png,images/train/train_01703_x12_y44.png,12,44,train
train_01704_x38_y17.png,images/train/train_01704_x38_y17.png,38,17,train
train_01705_x43_y20.png,images/train/train_01705_x43_y20.png,43,20,train
train_01706_x28_y28.png,images/train/train_01706_x28_y28.png,28,28,train
train_01707_x10_y33.png,images/train/train_01707_x10_y33.png,10,33,train
train_01708_x43_y21.png,images/train/train_01708_x43_y21.png,43,21,train
train_01709_x12_y3.png,images/train/train_01709_x12_y3.png,12,3,train
train_01710_x29_y39.png,images/train/train_01710_x29_y39.png,29,39,train
train_01711_x37_y7.png,images/train/train_01711_x37_y7.png,37,7,train
train_01712_x28_y26.png,images/train/train_01712_x28_y26.png,28,26,train
train_01713_x21_y24.png,images/train/train_01713_x21_y24.png,21,24,train
train_01714_x40_y5.png,images/train/train_01714_x40_y5.png,40,5,train
train_01715_x1_y10.png,images/train/train_01715_x1_y10.png,1,10,train
train_01716_x38_y40.png,images/train/train_01716_x38_y40.png,38,40,train
train_01717_x1_y42.png,images/train/train_01717_x1_y42.png,1,42,train
train_01718_x13_y16.png,images/train/train_01718_x13_y16.png,13,16,train
train_01719_x34_y20.png,images/train/train_01719_x34_y20.png,34,20,train
train_01720_x44_y46.png,images/train/train_01720_x44_y46.png,44,46,train
train_01721_x5_y30.png,images/train/train_01721_x5_y30.png,5,30,train
train_01722_x34_y19.png,images/train/train_01722_x34_y19.png,34,19,train
train_01723_x34_y25.png,images/train/train_01723_x34_y25.png,34,25,train
train_01724_x7_y9.png,images/train/train_01724_x7_y9.png,7,9,train
train_01725_x34_y48.png,images/train/train_01725_x34_y48.png,34,48,train
train_01726_x30_y43.png,images/train/train_01726_x30_y43.png,30,43,train
train_01727_x27_y47.png,images/train/train_01727_x27_y47.png,27,47,train
train_01728_x36_y3.png,images/train/train_01728_x36_y3.png,36,3,train
train_01729_x16_y47.png,images/train/train_01729_x16_y47.png,16,47,train
train_01730_x24_y6.png,images/train/train_01730_x24_y6.png,24,6,train
train_01731_x45_y12.png,images/train/train_01731_x45_y12.png,45,12,train
train_01732_x15_y10.png,images/train/train_01732_x15_y10.png,15,10,train
train_01733_x2_y10.png,images/train/train_01733_x2_y10.png,2,10,train
train_01734_x0_y42.png,images/train/train_01734_x0_y42.png,0,42,train
train_01735_x2_y25.png,images/train/train_01735_x2_y25.png,2,25,train
train_01736_x4_y4.png,images/train/train_01736_x4_y4.png,4,4,train
train_01737_x29_y23.png,images/train/train_01737_x29_y23.png,29,23,train
train_01738_x1_y2.png,images/train/train_01738_x1_y2.png,1,2,train
train_01739_x10_y45.png,images/train/train_01739_x10_y45.png,10,45,train
train_01740_x1_y18.png,images/train/train_01740_x1_y18.png,1,18,train
train_01741_x44_y23.png,images/train/train_01741_x44_y23.png,44,23,train
train_01742_x39_y1.png,images/train/train_01742_x39_y1.png,39,1,train
train_01743_x43_y47.png,images/train/train_01743_x43_y47.png,43,47,train
train_01744_x38_y8.png,images/train/train_01744_x38_y8.png,38,8,train
train_01745_x28_y24.png,images/train/train_01745_x28_y24.png,28,24,train
train_01746_x3_y33.png,images/train/train_01746_x3_y33.png,3,33,train
train_01747_x2_y37.png,images/train/train_01747_x2_y37.png,2,37,train
train_01748_x17_y49.png,images/train/train_01748_x17_y49.png,17,49,train
train_01749_x15_y46.png,images/train/train_01749_x15_y46.png,15,46,train
train_01750_x2_y32.png,images/train/train_01750_x2_y32.png,2,32,train
train_01751_x1_y30.png,images/train/train_01751_x1_y30.png,1,30,train
train_01752_x31_y36.png,images/train/train_01752_x31_y36.png,31,36,train
train_01753_x43_y7.png,images/train/train_01753_x43_y7.png,43,7,train
train_01754_x15_y8.png,images/train/train_01754_x15_y8.png,15,8,train
train_01755_x10_y41.png,images/train/train_01755_x10_y41.png,10,41,train
train_01756_x20_y19.png,images/train/train_01756_x20_y19.png,20,19,train
train_01757_x35_y16.png,images/train/train_01757_x35_y16.png,35,16,train
train_01758_x19_y33.png,images/train/train_01758_x19_y33.png,19,33,train
train_01759_x44_y31.png,images/train/train_01759_x44_y31.png,44,31,train
train_01760_x3_y15.png,images/train/train_01760_x3_y15.png,3,15,train
train_01761_x4_y48.png,images/train/train_01761_x4_y48.png,4,48,train
train_01762_x26_y31.png,images/train/train_01762_x26_y31.png,26,31,train
train_01763_x8_y46.png,images/train/train_01763_x8_y46.png,8,46,train
train_01764_x35_y26.png,images/train/train_01764_x35_y26.png,35,26,train
train_01765_x17_y8.png,images/train/train_01765_x17_y8.png,17,8,train
train_01766_x27_y8.png,images/train/train_01766_x27_y8.png,27,8,train
train_01767_x37_y11.png,images/train/train_01767_x37_y11.png,37,11,train
train_01768_x1_y47.png,images/train/train_01768_x1_y47.png,1,47,train
train_01769_x46_y7.png,images/train/train_01769_x46_y7.png,46,7,train
train_01770_x16_y5.png,images/train/train_01770_x16_y5.png,16,5,train
train_01771_x14_y37.png,images/train/train_01771_x14_y37.png,14,37,train
train_01772_x42_y0.png,images/train/train_01772_x42_y0.png,42,0,train
train_01773_x37_y35.png,images/train/train_01773_x37_y35.png,37,35,train
train_01774_x40_y0.png,images/train/train_01774_x40_y0.png,40,0,train
train_01775_x2_y2.png,images/train/train_01775_x2_y2.png,2,2,train
train_01776_x8_y34.png,images/train/train_01776_x8_y34.png,8,34,train
train_01777_x1_y24.png,images/train/train_01777_x1_y24.png,1,24,train
train_01778_x11_y27.png,images/train/train_01778_x11_y27.png,11,27,train
train_01779_x36_y46.png,images/train/train_01779_x36_y46.png,36,46,train
train_01780_x46_y12.png,images/train/train_01780_x46_y12.png,46,12,train
train_01781_x24_y30.png,images/train/train_01781_x24_y30.png,24,30,train
train_01782_x18_y18.png,images/train/train_01782_x18_y18.png,18,18,train
train_01783_x26_y26.png,images/train/train_01783_x26_y26.png,26,26,train
train_01784_x46_y15.png,images/train/train_01784_x46_y15.png,46,15,train
train_01785_x45_y36.png,images/train/train_01785_x45_y36.png,45,36,train
train_01786_x44_y45.png,images/train/train_01786_x44_y45.png,44,45,train
train_01787_x15_y12.png,images/train/train_01787_x15_y12.png,15,12,train
train_01788_x42_y15.png,images/train/train_01788_x42_y15.png,42,15,train
train_01789_x19_y39.png,images/train/train_01789_x19_y39.png,19,39,train
train_01790_x7_y38.png,images/train/train_01790_x7_y38.png,7,38,train
train_01791_x4_y35.png,images/train/train_01791_x4_y35.png,4,35,train
train_01792_x49_y44.png,images/train/train_01792_x49_y44.png,49,44,train
train_01793_x5_y17.png,images/train/train_01793_x5_y17.png,5,17,train
train_01794_x26_y29.png,images/train/train_01794_x26_y29.png,26,29,train
train_01795_x46_y3.png,images/train/train_01795_x46_y3.png,46,3,train
train_01796_x2_y17.png,images/train/train_01796_x2_y17.png,2,17,train
train_01797_x8_y37.png,images/train/train_01797_x8_y37.png,8,37,train
train_01798_x13_y23.png,images/train/train_01798_x13_y23.png,13,23,train
train_01799_x4_y49.png,images/train/train_01799_x4_y49.png,4,49,train
train_01800_x42_y28.png,images/train/train_01800_x42_y28.png,42,28,train
train_01801_x31_y24.png,images/train/train_01801_x31_y24.png,31,24,train
train_01802_x49_y46.png,images/train/train_01802_x49_y46.png,49,46,train
train_01803_x1_y44.png,images/train/train_01803_x1_y44.png,1,44,train
train_01804_x37_y47.png,images/train/train_01804_x37_y47.png,37,47,train
train_01805_x0_y33.png,images/train/train_01805_x0_y33.png,0,33,train
train_01806_x42_y34.png,images/train/train_01806_x42_y34.png,42,34,train
train_01807_x45_y34.png,images/train/train_01807_x45_y34.png,45,34,train
train_01808_x8_y48.png,images/train/train_01808_x8_y48.png,8,48,train
train_01809_x29_y19.png,images/train/train_01809_x29_y19.png,29,19,train
train_01810_x35_y45.png,images/train/train_01810_x35_y45.png,35,45,train
train_01811_x14_y16.png,images/train/train_01811_x14_y16.png,14,16,train
train_01812_x38_y41.png,images/train/train_01812_x38_y41.png,38,41,train
train_01813_x43_y25.png,images/train/train_01813_x43_y25.png,43,25,train
train_01814_x0_y0.png,images/train/train_01814_x0_y0.png,0,0,train
train_01815_x9_y6.png,images/train/train_01815_x9_y6.png,9,6,train
train_01816_x22_y1.png,images/train/train_01816_x22_y1.png,22,1,train
train_01817_x22_y8.png,images/train/train_01817_x22_y8.png,22,8,train
train_01818_x37_y32.png,images/train/train_01818_x37_y32.png,37,32,train
train_01819_x1_y32.png,images/train/train_01819_x1_y32.png,1,32,train
train_01820_x29_y31.png,images/train/train_01820_x29_y31.png,29,31,train
train_01821_x39_y26.png,images/train/train_01821_x39_y26.png,39,26,train
train_01822_x13_y26.png,images/train/train_01822_x13_y26.png,13,26,train
train_01823_x40_y42.png,images/train/train_01823_x40_y42.png,40,42,train
train_01824_x42_y26.png,images/train/train_01824_x42_y26.png,42,26,train
train_01825_x20_y46.png,images/train/train_01825_x20_y46.png,20,46,train
train_01826_x29_y10.png,images/train/train_01826_x29_y10.png,29,10,train
train_01827_x15_y20.png,images/train/train_01827_x15_y20.png,15,20,train
train_01828_x33_y18.png,images/train/train_01828_x33_y18.png,33,18,train
train_01829_x40_y24.png,images/train/train_01829_x40_y24.png,40,24,train
train_01830_x39_y13.png,images/train/train_01830_x39_y13.png,39,13,train
train_01831_x10_y17.png,images/train/train_01831_x10_y17.png,10,17,train
train_01832_x16_y22.png,images/train/train_01832_x16_y22.png,16,22,train
train_01833_x8_y4.png,images/train/train_01833_x8_y4.png,8,4,train
train_01834_x7_y34.png,images/train/train_01834_x7_y34.png,7,34,train
train_01835_x39_y41.png,images/train/train_01835_x39_y41.png,39,41,train
train_01836_x48_y24.png,images/train/train_01836_x48_y24.png,48,24,train
train_01837_x2_y4.png,images/train/train_01837_x2_y4.png,2,4,train
train_01838_x32_y33.png,images/train/train_01838_x32_y33.png,32,33,train
train_01839_x47_y34.png,images/train/train_01839_x47_y34.png,47,34,train
train_01840_x13_y38.png,images/train/train_01840_x13_y38.png,13,38,train
train_01841_x44_y10.png,images/train/train_01841_x44_y10.png,44,10,train
train_01842_x16_y26.png,images/train/train_01842_x16_y26.png,16,26,train
train_01843_x24_y40.png,images/train/train_01843_x24_y40.png,24,40,train
train_01844_x1_y12.png,images/train/train_01844_x1_y12.png,1,12,train
train_01845_x26_y5.png,images/train/train_01845_x26_y5.png,26,5,train
train_01846_x17_y2.png,images/train/train_01846_x17_y2.png,17,2,train
train_01847_x46_y20.png,images/train/train_01847_x46_y20.png,46,20,train
train_01848_x3_y26.png,images/train/train_01848_x3_y26.png,3,26,train
train_01849_x25_y12.png,images/train/train_01849_x25_y12.png,25,12,train
train_01850_x4_y23.png,images/train/train_01850_x4_y23.png,4,23,train
train_01851_x2_y45.png,images/train/train_01851_x2_y45.png,2,45,train
train_01852_x21_y38.png,images/train/train_01852_x21_y38.png,21,38,train
train_01853_x7_y23.png,images/train/train_01853_x7_y23.png,7,23,train
train_01854_x36_y24.png,images/train/train_01854_x36_y24.png,36,24,train
train_01855_x42_y9.png,images/train/train_01855_x42_y9.png,42,9,train
train_01856_x22_y42.png,images/train/train_01856_x22_y42.png,22,42,train
train_01857_x47_y42.png,images/train/train_01857_x47_y42.png,47,42,train
train_01858_x43_y13.png,images/train/train_01858_x43_y13.png,43,13,train
train_01859_x25_y24.png,images/train/train_01859_x25_y24.png,25,24,train
train_01860_x25_y15.png,images/train/train_01860_x25_y15.png,25,15,train
train_01861_x44_y33.png,images/train/train_01861_x44_y33.png,44,33,train
train_01862_x38_y48.png,images/train/train_01862_x38_y48.png,38,48,train
train_01863_x0_y9.png,images/train/train_01863_x0_y9.png,0,9,train
train_01864_x8_y49.png,images/train/train_01864_x8_y49.png,8,49,train
train_01865_x36_y38.png,images/train/train_01865_x36_y38.png,36,38,train
train_01866_x14_y8.png,images/train/train_01866_x14_y8.png,14,8,train
train_01867_x5_y5.png,images/train/train_01867_x5_y5.png,5,5,train
train_01868_x17_y32.png,images/train/train_01868_x17_y32.png,17,32,train
train_01869_x32_y17.png,images/train/train_01869_x32_y17.png,32,17,train
train_01870_x7_y39.png,images/train/train_01870_x7_y39.png,7,39,train
train_01871_x40_y15.png,images/train/train_01871_x40_y15.png,40,15,train
train_01872_x47_y45.png,images/train/train_01872_x47_y45.png,47,45,train
train_01873_x31_y31.png,images/train/train_01873_x31_y31.png,31,31,train
train_01874_x18_y8.png,images/train/train_01874_x18_y8.png,18,8,train
train_01875_x18_y24.png,images/train/train_01875_x18_y24.png,18,24,train
train_01876_x15_y1.png,images/train/train_01876_x15_y1.png,15,1,train
train_01877_x37_y39.png,images/train/train_01877_x37_y39.png,37,39,train
train_01878_x9_y10.png,images/train/train_01878_x9_y10.png,9,10,train
train_01879_x34_y47.png,images/train/train_01879_x34_y47.png,34,47,train
train_01880_x38_y47.png,images/train/train_01880_x38_y47.png,38,47,train
train_01881_x24_y24.png,images/train/train_01881_x24_y24.png,24,24,train
train_01882_x23_y18.png,images/train/train_01882_x23_y18.png,23,18,train
train_01883_x19_y8.png,images/train/train_01883_x19_y8.png,19,8,train
train_01884_x10_y1.png,images/train/train_01884_x10_y1.png,10,1,train
train_01885_x34_y27.png,images/train/train_01885_x34_y27.png,34,27,train
train_01886_x14_y39.png,images/train/train_01886_x14_y39.png,14,39,train
train_01887_x0_y40.png,images/train/train_01887_x0_y40.png,0,40,train
train_01888_x17_y18.png,images/train/train_01888_x17_y18.png,17,18,train
train_01889_x14_y31.png,images/train/train_01889_x14_y31.png,14,31,train
train_01890_x10_y39.png,images/train/train_01890_x10_y39.png,10,39,train
train_01891_x24_y1.png,images/train/train_01891_x24_y1.png,24,1,train
train_01892_x26_y39.png,images/train/train_01892_x26_y39.png,26,39,train
train_01893_x13_y47.png,images/train/train_01893_x13_y47.png,13,47,train
train_01894_x46_y44.png,images/train/train_01894_x46_y44.png,46,44,train
train_01895_x41_y37.png,images/train/train_01895_x41_y37.png,41,37,train
train_01896_x41_y26.png,images/train/train_01896_x41_y26.png,41,26,train
train_01897_x27_y21.png,images/train/train_01897_x27_y21.png,27,21,train
train_01898_x22_y45.png,images/train/train_01898_x22_y45.png,22,45,train
train_01899_x20_y31.png,images/train/train_01899_x20_y31.png,20,31,train
train_01900_x7_y22.png,images/train/train_01900_x7_y22.png,7,22,train
train_01901_x13_y17.png,images/train/train_01901_x13_y17.png,13,17,train
train_01902_x28_y31.png,images/train/train_01902_x28_y31.png,28,31,train
train_01903_x43_y33.png,images/train/train_01903_x43_y33.png,43,33,train
train_01904_x7_y7.png,images/train/train_01904_x7_y7.png,7,7,train
train_01905_x19_y17.png,images/train/train_01905_x19_y17.png,19,17,train
train_01906_x15_y33.png,images/train/train_01906_x15_y33.png,15,33,train
train_01907_x14_y35.png,images/train/train_01907_x14_y35.png,14,35,train
train_01908_x27_y3.png,images/train/train_01908_x27_y3.png,27,3,train
train_01909_x20_y35.png,images/train/train_01909_x20_y35.png,20,35,train
train_01910_x19_y20.png,images/train/train_01910_x19_y20.png,19,20,train
train_01911_x9_y20.png,images/train/train_01911_x9_y20.png,9,20,train
train_01912_x13_y5.png,images/train/train_01912_x13_y5.png,13,5,train
train_01913_x47_y3.png,images/train/train_01913_x47_y3.png,47,3,train
train_01914_x38_y9.png,images/train/train_01914_x38_y9.png,38,9,train
train_01915_x46_y30.png,images/train/train_01915_x46_y30.png,46,30,train
train_01916_x27_y46.png,images/train/train_01916_x27_y46.png,27,46,train
train_01917_x30_y36.png,images/train/train_01917_x30_y36.png,30,36,train
train_01918_x39_y33.png,images/train/train_01918_x39_y33.png,39,33,train
train_01919_x43_y31.png,images/train/train_01919_x43_y31.png,43,31,train
train_01920_x30_y49.png,images/train/train_01920_x30_y49.png,30,49,train
train_01921_x26_y28.png,images/train/train_01921_x26_y28.png,26,28,train
train_01922_x25_y6.png,images/train/train_01922_x25_y6.png,25,6,train
train_01923_x43_y11.png,images/train/train_01923_x43_y11.png,43,11,train
train_01924_x28_y25.png,images/train/train_01924_x28_y25.png,28,25,train
train_01925_x29_y14.png,images/train/train_01925_x29_y14.png,29,14,train
train_01926_x31_y5.png,images/train/train_01926_x31_y5.png,31,5,train
train_01927_x43_y5.png,images/train/train_01927_x43_y5.png,43,5,train
train_01928_x25_y0.png,images/train/train_01928_x25_y0.png,25,0,train
train_01929_x33_y49.png,images/train/train_01929_x33_y49.png,33,49,train
train_01930_x25_y2.png,images/train/train_01930_x25_y2.png,25,2,train
train_01931_x48_y25.png,images/train/train_01931_x48_y25.png,48,25,train
train_01932_x46_y18.png,images/train/train_01932_x46_y18.png,46,18,train
train_01933_x24_y36.png,images/train/train_01933_x24_y36.png,24,36,train
train_01934_x17_y35.png,images/train/train_01934_x17_y35.png,17,35,train
train_01935_x1_y29.png,images/train/train_01935_x1_y29.png,1,29,train
train_01936_x23_y22.png,images/train/train_01936_x23_y22.png,23,22,train
train_01937_x16_y14.png,images/train/train_01937_x16_y14.png,16,14,train
train_01938_x37_y2.png,images/train/train_01938_x37_y2.png,37,2,train
train_01939_x39_y20.png,images/train/train_01939_x39_y20.png,39,20,train
train_01940_x13_y21.png,images/train/train_01940_x13_y21.png,13,21,train
train_01941_x43_y36.png,images/train/train_01941_x43_y36.png,43,36,train
train_01942_x48_y41.png,images/train/train_01942_x48_y41.png,48,41,train
train_01943_x1_y7.png,images/train/train_01943_x1_y7.png,1,7,train
train_01944_x2_y33.png,images/train/train_01944_x2_y33.png,2,33,train
train_01945_x22_y40.png,images/train/train_01945_x22_y40.png,22,40,train
train_01946_x18_y33.png,images/train/train_01946_x18_y33.png,18,33,train
train_01947_x18_y28.png,images/train/train_01947_x18_y28.png,18,28,train
train_01948_x16_y23.png,images/train/train_01948_x16_y23.png,16,23,train
train_01949_x28_y32.png,images/train/train_01949_x28_y32.png,28,32,train
train_01950_x27_y42.png,images/train/train_01950_x27_y42.png,27,42,train
train_01951_x30_y31.png,images/train/train_01951_x30_y31.png,30,31,train
train_01952_x24_y14.png,images/train/train_01952_x24_y14.png,24,14,train
train_01953_x10_y4.png,images/train/train_01953_x10_y4.png,10,4,train
train_01954_x49_y19.png,images/train/train_01954_x49_y19.png,49,19,train
train_01955_x6_y47.png,images/train/train_01955_x6_y47.png,6,47,train
train_01956_x7_y36.png,images/train/train_01956_x7_y36.png,7,36,train
train_01957_x20_y24.png,images/train/train_01957_x20_y24.png,20,24,train
train_01958_x39_y8.png,images/train/train_01958_x39_y8.png,39,8,train
train_01959_x27_y34.png,images/train/train_01959_x27_y34.png,27,34,train
train_01960_x17_y44.png,images/train/train_01960_x17_y44.png,17,44,train
train_01961_x16_y28.png,images/train/train_01961_x16_y28.png,16,28,train
train_01962_x48_y34.png,images/train/train_01962_x48_y34.png,48,34,train
train_01963_x9_y25.png,images/train/train_01963_x9_y25.png,9,25,train
train_01964_x33_y33.png,images/train/train_01964_x33_y33.png,33,33,train
train_01965_x42_y40.png,images/train/train_01965_x42_y40.png,42,40,train
train_01966_x46_y27.png,images/train/train_01966_x46_y27.png,46,27,train
train_01967_x42_y25.png,images/train/train_01967_x42_y25.png,42,25,train
train_01968_x41_y39.png,images/train/train_01968_x41_y39.png,41,39,train
train_01969_x13_y2.png,images/train/train_01969_x13_y2.png,13,2,train
train_01970_x3_y22.png,images/train/train_01970_x3_y22.png,3,22,train
train_01971_x29_y24.png,images/train/train_01971_x29_y24.png,29,24,train
train_01972_x22_y49.png,images/train/train_01972_x22_y49.png,22,49,train
train_01973_x0_y38.png,images/train/train_01973_x0_y38.png,0,38,train
train_01974_x31_y4.png,images/train/train_01974_x31_y4.png,31,4,train
train_01975_x47_y35.png,images/train/train_01975_x47_y35.png,47,35,train
train_01976_x14_y13.png,images/train/train_01976_x14_y13.png,14,13,train
train_01977_x1_y40.png,images/train/train_01977_x1_y40.png,1,40,train
train_01978_x3_y16.png,images/train/train_01978_x3_y16.png,3,16,train
train_01979_x24_y5.png,images/train/train_01979_x24_y5.png,24,5,train
train_01980_x17_y25.png,images/train/train_01980_x17_y25.png,17,25,train
train_01981_x8_y44.png,images/train/train_01981_x8_y44.png,8,44,train
train_01982_x43_y1.png,images/train/train_01982_x43_y1.png,43,1,train
train_01983_x45_y41.png,images/train/train_01983_x45_y41.png,45,41,train
train_01984_x49_y33.png,images/train/train_01984_x49_y33.png,49,33,train
train_01985_x21_y43.png,images/train/train_01985_x21_y43.png,21,43,train
train_01986_x36_y27.png,images/train/train_01986_x36_y27.png,36,27,train
train_01987_x23_y5.png,images/train/train_01987_x23_y5.png,23,5,train
train_01988_x26_y24.png,images/train/train_01988_x26_y24.png,26,24,train
train_01989_x4_y16.png,images/train/train_01989_x4_y16.png,4,16,train
train_01990_x27_y0.png,images/train/train_01990_x27_y0.png,27,0,train
train_01991_x10_y10.png,images/train/train_01991_x10_y10.png,10,10,train
train_01992_x33_y30.png,images/train/train_01992_x33_y30.png,33,30,train
train_01993_x9_y49.png,images/train/train_01993_x9_y49.png,9,49,train
train_01994_x49_y7.png,images/train/train_01994_x49_y7.png,49,7,train
train_01995_x37_y6.png,images/train/train_01995_x37_y6.png,37,6,train
train_01996_x27_y38.png,images/train/train_01996_x27_y38.png,27,38,train
train_01997_x30_y19.png,images/train/train_01997_x30_y19.png,30,19,train
train_01998_x33_y21.png,images/train/train_01998_x33_y21.png,33,21,train
train_01999_x6_y38.png,images/train/train_01999_x6_y38.png,6,38,train
val_00000_x46_y31.png,images/val/val_00000_x46_y31.png,46,31,val
val_00001_x23_y38.png,images/val/val_00001_x23_y38.png,23,38,val
val_00002_x0_y28.png,images/val/val_00002_x0_y28.png,0,28,val
val_00003_x30_y40.png,images/val/val_00003_x30_y40.png,30,40,val
val_00004_x24_y17.png,images/val/val_00004_x24_y17.png,24,17,val
val_00005_x40_y30.png,images/val/val_00005_x40_y30.png,40,30,val
val_00006_x15_y44.png,images/val/val_00006_x15_y44.png,15,44,val
val_00007_x18_y45.png,images/val/val_00007_x18_y45.png,18,45,val
val_00008_x28_y16.png,images/val/val_00008_x28_y16.png,28,16,val
val_00009_x3_y19.png,images/val/val_00009_x3_y19.png,3,19,val
val_00010_x41_y44.png,images/val/val_00010_x41_y44.png,41,44,val
val_00011_x33_y26.png,images/val/val_00011_x33_y26.png,33,26,val
val_00012_x23_y47.png,images/val/val_00012_x23_y47.png,23,47,val
val_00013_x30_y42.png,images/val/val_00013_x30_y42.png,30,42,val
val_00014_x25_y3.png,images/val/val_00014_x25_y3.png,25,3,val
val_00015_x25_y26.png,images/val/val_00015_x25_y26.png,25,26,val
val_00016_x18_y12.png,images/val/val_00016_x18_y12.png,18,12,val
val_00017_x9_y41.png,images/val/val_00017_x9_y41.png,9,41,val
val_00018_x19_y3.png,images/val/val_00018_x19_y3.png,19,3,val
val_00019_x21_y47.png,images/val/val_00019_x21_y47.png,21,47,val
val_00020_x20_y32.png,images/val/val_00020_x20_y32.png,20,32,val
val_00021_x11_y37.png,images/val/val_00021_x11_y37.png,11,37,val
val_00022_x15_y0.png,images/val/val_00022_x15_y0.png,15,0,val
val_00023_x13_y7.png,images/val/val_00023_x13_y7.png,13,7,val
val_00024_x37_y16.png,images/val/val_00024_x37_y16.png,37,16,val
val_00025_x4_y34.png,images/val/val_00025_x4_y34.png,4,34,val
val_00026_x14_y32.png,images/val/val_00026_x14_y32.png,14,32,val
val_00027_x49_y42.png,images/val/val_00027_x49_y42.png,49,42,val
val_00028_x23_y36.png,images/val/val_00028_x23_y36.png,23,36,val
val_00029_x23_y6.png,images/val/val_00029_x23_y6.png,23,6,val
val_00030_x49_y3.png,images/val/val_00030_x49_y3.png,49,3,val
val_00031_x24_y46.png,images/val/val_00031_x24_y46.png,24,46,val
val_00032_x48_y48.png,images/val/val_00032_x48_y48.png,48,48,val
val_00033_x18_y34.png,images/val/val_00033_x18_y34.png,18,34,val
val_00034_x24_y9.png,images/val/val_00034_x24_y9.png,24,9,val
val_00035_x21_y15.png,images/val/val_00035_x21_y15.png,21,15,val
val_00036_x34_y16.png,images/val/val_00036_x34_y16.png,34,16,val
val_00037_x2_y8.png,images/val/val_00037_x2_y8.png,2,8,val
val_00038_x21_y12.png,images/val/val_00038_x21_y12.png,21,12,val
val_00039_x11_y18.png,images/val/val_00039_x11_y18.png,11,18,val
val_00040_x23_y17.png,images/val/val_00040_x23_y17.png,23,17,val
val_00041_x23_y24.png,images/val/val_00041_x23_y24.png,23,24,val
val_00042_x31_y38.png,images/val/val_00042_x31_y38.png,31,38,val
val_00043_x30_y7.png,images/val/val_00043_x30_y7.png,30,7,val
val_00044_x29_y42.png,images/val/val_00044_x29_y42.png,29,42,val
val_00045_x17_y40.png,images/val/val_00045_x17_y40.png,17,40,val
val_00046_x18_y47.png,images/val/val_00046_x18_y47.png,18,47,val
val_00047_x20_y48.png,images/val/val_00047_x20_y48.png,20,48,val
val_00048_x41_y7.png,images/val/val_00048_x41_y7.png,41,7,val
val_00049_x17_y34.png,images/val/val_00049_x17_y34.png,17,34,val
val_00050_x2_y43.png,images/val/val_00050_x2_y43.png,2,43,val
val_00051_x49_y2.png,images/val/val_00051_x49_y2.png,49,2,val
val_00052_x17_y0.png,images/val/val_00052_x17_y0.png,17,0,val
val_00053_x14_y17.png,images/val/val_00053_x14_y17.png,14,17,val
val_00054_x47_y21.png,images/val/val_00054_x47_y21.png,47,21,val
val_00055_x5_y14.png,images/val/val_00055_x5_y14.png,5,14,val
val_00056_x1_y25.png,images/val/val_00056_x1_y25.png,1,25,val
val_00057_x7_y45.png,images/val/val_00057_x7_y45.png,7,45,val
val_00058_x42_y17.png,images/val/val_00058_x42_y17.png,42,17,val
val_00059_x46_y35.png,images/val/val_00059_x46_y35.png,46,35,val
val_00060_x7_y46.png,images/val/val_00060_x7_y46.png,7,46,val
val_00061_x27_y15.png,images/val/val_00061_x27_y15.png,27,15,val
val_00062_x41_y27.png,images/val/val_00062_x41_y27.png,41,27,val
val_00063_x38_y3.png,images/val/val_00063_x38_y3.png,38,3,val
val_00064_x11_y45.png,images/val/val_00064_x11_y45.png,11,45,val
val_00065_x25_y46.png,images/val/val_00065_x25_y46.png,25,46,val
val_00066_x36_y21.png,images/val/val_00066_x36_y21.png,36,21,val
val_00067_x17_y22.png,images/val/val_00067_x17_y22.png,17,22,val
val_00068_x30_y48.png,images/val/val_00068_x30_y48.png,30,48,val
val_00069_x0_y36.png,images/val/val_00069_x0_y36.png,0,36,val
val_00070_x45_y23.png,images/val/val_00070_x45_y23.png,45,23,val
val_00071_x42_y23.png,images/val/val_00071_x42_y23.png,42,23,val
val_00072_x19_y27.png,images/val/val_00072_x19_y27.png,19,27,val
val_00073_x31_y21.png,images/val/val_00073_x31_y21.png,31,21,val
val_00074_x22_y22.png,images/val/val_00074_x22_y22.png,22,22,val
val_00075_x37_y42.png,images/val/val_00075_x37_y42.png,37,42,val
val_00076_x13_y25.png,images/val/val_00076_x13_y25.png,13,25,val
val_00077_x14_y28.png,images/val/val_00077_x14_y28.png,14,28,val
val_00078_x8_y12.png,images/val/val_00078_x8_y12.png,8,12,val
val_00079_x30_y16.png,images/val/val_00079_x30_y16.png,30,16,val
val_00080_x32_y49.png,images/val/val_00080_x32_y49.png,32,49,val
val_00081_x16_y25.png,images/val/val_00081_x16_y25.png,16,25,val
val_00082_x12_y16.png,images/val/val_00082_x12_y16.png,12,16,val
val_00083_x2_y14.png,images/val/val_00083_x2_y14.png,2,14,val
val_00084_x8_y17.png,images/val/val_00084_x8_y17.png,8,17,val
val_00085_x32_y25.png,images/val/val_00085_x32_y25.png,32,25,val
val_00086_x49_y0.png,images/val/val_00086_x49_y0.png,49,0,val
val_00087_x1_y39.png,images/val/val_00087_x1_y39.png,1,39,val
val_00088_x41_y32.png,images/val/val_00088_x41_y32.png,41,32,val
val_00089_x15_y3.png,images/val/val_00089_x15_y3.png,15,3,val
val_00090_x32_y30.png,images/val/val_00090_x32_y30.png,32,30,val
val_00091_x0_y11.png,images/val/val_00091_x0_y11.png,0,11,val
val_00092_x5_y34.png,images/val/val_00092_x5_y34.png,5,34,val
val_00093_x21_y16.png,images/val/val_00093_x21_y16.png,21,16,val
val_00094_x23_y41.png,images/val/val_00094_x23_y41.png,23,41,val
val_00095_x28_y40.png,images/val/val_00095_x28_y40.png,28,40,val
val_00096_x46_y37.png,images/val/val_00096_x46_y37.png,46,37,val
val_00097_x48_y9.png,images/val/val_00097_x48_y9.png,48,9,val
val_00098_x45_y7.png,images/val/val_00098_x45_y7.png,45,7,val
val_00099_x31_y18.png,images/val/val_00099_x31_y18.png,31,18,val
val_00100_x42_y43.png,images/val/val_00100_x42_y43.png,42,43,val
val_00101_x33_y37.png,images/val/val_00101_x33_y37.png,33,37,val
val_00102_x17_y1.png,images/val/val_00102_x17_y1.png,17,1,val
val_00103_x17_y45.png,images/val/val_00103_x17_y45.png,17,45,val
val_00104_x9_y46.png,images/val/val_00104_x9_y46.png,9,46,val
val_00105_x35_y32.png,images/val/val_00105_x35_y32.png,35,32,val
val_00106_x6_y35.png,images/val/val_00106_x6_y35.png,6,35,val
val_00107_x10_y15.png,images/val/val_00107_x10_y15.png,10,15,val
val_00108_x26_y48.png,images/val/val_00108_x26_y48.png,26,48,val
val_00109_x20_y15.png,images/val/val_00109_x20_y15.png,20,15,val
val_00110_x48_y31.png,images/val/val_00110_x48_y31.png,48,31,val
val_00111_x35_y31.png,images/val/val_00111_x35_y31.png,35,31,val
val_00112_x35_y35.png,images/val/val_00112_x35_y35.png,35,35,val
val_00113_x41_y20.png,images/val/val_00113_x41_y20.png,41,20,val
val_00114_x7_y6.png,images/val/val_00114_x7_y6.png,7,6,val
val_00115_x47_y28.png,images/val/val_00115_x47_y28.png,47,28,val
val_00116_x26_y12.png,images/val/val_00116_x26_y12.png,26,12,val
val_00117_x32_y35.png,images/val/val_00117_x32_y35.png,32,35,val
val_00118_x11_y0.png,images/val/val_00118_x11_y0.png,11,0,val
val_00119_x24_y27.png,images/val/val_00119_x24_y27.png,24,27,val
val_00120_x44_y30.png,images/val/val_00120_x44_y30.png,44,30,val
val_00121_x19_y7.png,images/val/val_00121_x19_y7.png,19,7,val
val_00122_x35_y23.png,images/val/val_00122_x35_y23.png,35,23,val
val_00123_x20_y8.png,images/val/val_00123_x20_y8.png,20,8,val
val_00124_x21_y42.png,images/val/val_00124_x21_y42.png,21,42,val
val_00125_x44_y24.png,images/val/val_00125_x44_y24.png,44,24,val
val_00126_x19_y46.png,images/val/val_00126_x19_y46.png,19,46,val
val_00127_x33_y29.png,images/val/val_00127_x33_y29.png,33,29,val
val_00128_x3_y3.png,images/val/val_00128_x3_y3.png,3,3,val
val_00129_x11_y30.png,images/val/val_00129_x11_y30.png,11,30,val
val_00130_x29_y20.png,images/val/val_00130_x29_y20.png,29,20,val
val_00131_x14_y3.png,images/val/val_00131_x14_y3.png,14,3,val
val_00132_x24_y12.png,images/val/val_00132_x24_y12.png,24,12,val
val_00133_x17_y46.png,images/val/val_00133_x17_y46.png,17,46,val
val_00134_x9_y37.png,images/val/val_00134_x9_y37.png,9,37,val
val_00135_x11_y9.png,images/val/val_00135_x11_y9.png,11,9,val
val_00136_x22_y41.png,images/val/val_00136_x22_y41.png,22,41,val
val_00137_x22_y19.png,images/val/val_00137_x22_y19.png,22,19,val
val_00138_x10_y12.png,images/val/val_00138_x10_y12.png,10,12,val
val_00139_x12_y33.png,images/val/val_00139_x12_y33.png,12,33,val
val_00140_x43_y0.png,images/val/val_00140_x43_y0.png,43,0,val
val_00141_x33_y14.png,images/val/val_00141_x33_y14.png,33,14,val
val_00142_x20_y12.png,images/val/val_00142_x20_y12.png,20,12,val
val_00143_x38_y31.png,images/val/val_00143_x38_y31.png,38,31,val
val_00144_x23_y0.png,images/val/val_00144_x23_y0.png,23,0,val
val_00145_x46_y40.png,images/val/val_00145_x46_y40.png,46,40,val
val_00146_x2_y16.png,images/val/val_00146_x2_y16.png,2,16,val
val_00147_x14_y40.png,images/val/val_00147_x14_y40.png,14,40,val
val_00148_x46_y4.png,images/val/val_00148_x46_y4.png,46,4,val
val_00149_x39_y24.png,images/val/val_00149_x39_y24.png,39,24,val
val_00150_x21_y31.png,images/val/val_00150_x21_y31.png,21,31,val
val_00151_x36_y10.png,images/val/val_00151_x36_y10.png,36,10,val
val_00152_x16_y30.png,images/val/val_00152_x16_y30.png,16,30,val
val_00153_x2_y19.png,images/val/val_00153_x2_y19.png,2,19,val
val_00154_x13_y6.png,images/val/val_00154_x13_y6.png,13,6,val
val_00155_x47_y27.png,images/val/val_00155_x47_y27.png,47,27,val
val_00156_x44_y39.png,images/val/val_00156_x44_y39.png,44,39,val
val_00157_x48_y44.png,images/val/val_00157_x48_y44.png,48,44,val
val_00158_x12_y35.png,images/val/val_00158_x12_y35.png,12,35,val
val_00159_x7_y19.png,images/val/val_00159_x7_y19.png,7,19,val
val_00160_x5_y18.png,images/val/val_00160_x5_y18.png,5,18,val
val_00161_x0_y46.png,images/val/val_00161_x0_y46.png,0,46,val
val_00162_x19_y41.png,images/val/val_00162_x19_y41.png,19,41,val
val_00163_x17_y26.png,images/val/val_00163_x17_y26.png,17,26,val
val_00164_x15_y23.png,images/val/val_00164_x15_y23.png,15,23,val
val_00165_x24_y19.png,images/val/val_00165_x24_y19.png,24,19,val
val_00166_x22_y26.png,images/val/val_00166_x22_y26.png,22,26,val
val_00167_x0_y4.png,images/val/val_00167_x0_y4.png,0,4,val
val_00168_x31_y45.png,images/val/val_00168_x31_y45.png,31,45,val
val_00169_x21_y27.png,images/val/val_00169_x21_y27.png,21,27,val
val_00170_x16_y37.png,images/val/val_00170_x16_y37.png,16,37,val
val_00171_x13_y31.png,images/val/val_00171_x13_y31.png,13,31,val
val_00172_x34_y15.png,images/val/val_00172_x34_y15.png,34,15,val
val_00173_x22_y48.png,images/val/val_00173_x22_y48.png,22,48,val
val_00174_x11_y24.png,images/val/val_00174_x11_y24.png,11,24,val
val_00175_x1_y0.png,images/val/val_00175_x1_y0.png,1,0,val
val_00176_x17_y3.png,images/val/val_00176_x17_y3.png,17,3,val
val_00177_x39_y32.png,images/val/val_00177_x39_y32.png,39,32,val
val_00178_x36_y23.png,images/val/val_00178_x36_y23.png,36,23,val
val_00179_x16_y33.png,images/val/val_00179_x16_y33.png,16,33,val
val_00180_x22_y15.png,images/val/val_00180_x22_y15.png,22,15,val
val_00181_x23_y16.png,images/val/val_00181_x23_y16.png,23,16,val
val_00182_x38_y6.png,images/val/val_00182_x38_y6.png,38,6,val
val_00183_x19_y21.png,images/val/val_00183_x19_y21.png,19,21,val
val_00184_x7_y49.png,images/val/val_00184_x7_y49.png,7,49,val
val_00185_x0_y19.png,images/val/val_00185_x0_y19.png,0,19,val
val_00186_x13_y34.png,images/val/val_00186_x13_y34.png,13,34,val
val_00187_x0_y35.png,images/val/val_00187_x0_y35.png,0,35,val
val_00188_x47_y12.png,images/val/val_00188_x47_y12.png,47,12,val
val_00189_x10_y24.png,images/val/val_00189_x10_y24.png,10,24,val
val_00190_x18_y20.png,images/val/val_00190_x18_y20.png,18,20,val
val_00191_x36_y41.png,images/val/val_00191_x36_y41.png,36,41,val
val_00192_x37_y40.png,images/val/val_00192_x37_y40.png,37,40,val
val_00193_x10_y37.png,images/val/val_00193_x10_y37.png,10,37,val
val_00194_x34_y5.png,images/val/val_00194_x34_y5.png,34,5,val
val_00195_x48_y43.png,images/val/val_00195_x48_y43.png,48,43,val
val_00196_x4_y45.png,images/val/val_00196_x4_y45.png,4,45,val
val_00197_x15_y34.png,images/val/val_00197_x15_y34.png,15,34,val
val_00198_x28_y9.png,images/val/val_00198_x28_y9.png,28,9,val
val_00199_x3_y4.png,images/val/val_00199_x3_y4.png,3,4,val
val_00200_x33_y36.png,images/val/val_00200_x33_y36.png,33,36,val
val_00201_x12_y25.png,images/val/val_00201_x12_y25.png,12,25,val
val_00202_x47_y46.png,images/val/val_00202_x47_y46.png,47,46,val
val_00203_x26_y46.png,images/val/val_00203_x26_y46.png,26,46,val
val_00204_x11_y19.png,images/val/val_00204_x11_y19.png,11,19,val
val_00205_x35_y8.png,images/val/val_00205_x35_y8.png,35,8,val
val_00206_x36_y16.png,images/val/val_00206_x36_y16.png,36,16,val
val_00207_x41_y15.png,images/val/val_00207_x41_y15.png,41,15,val
val_00208_x2_y27.png,images/val/val_00208_x2_y27.png,2,27,val
val_00209_x49_y29.png,images/val/val_00209_x49_y29.png,49,29,val
val_00210_x40_y6.png,images/val/val_00210_x40_y6.png,40,6,val
val_00211_x19_y30.png,images/val/val_00211_x19_y30.png,19,30,val
val_00212_x3_y40.png,images/val/val_00212_x3_y40.png,3,40,val
val_00213_x22_y39.png,images/val/val_00213_x22_y39.png,22,39,val
val_00214_x19_y42.png,images/val/val_00214_x19_y42.png,19,42,val
val_00215_x13_y49.png,images/val/val_00215_x13_y49.png,13,49,val
val_00216_x12_y6.png,images/val/val_00216_x12_y6.png,12,6,val
val_00217_x3_y30.png,images/val/val_00217_x3_y30.png,3,30,val
val_00218_x6_y1.png,images/val/val_00218_x6_y1.png,6,1,val
val_00219_x21_y10.png,images/val/val_00219_x21_y10.png,21,10,val
val_00220_x47_y4.png,images/val/val_00220_x47_y4.png,47,4,val
val_00221_x47_y47.png,images/val/val_00221_x47_y47.png,47,47,val
val_00222_x21_y19.png,images/val/val_00222_x21_y19.png,21,19,val
val_00223_x44_y5.png,images/val/val_00223_x44_y5.png,44,5,val
val_00224_x24_y43.png,images/val/val_00224_x24_y43.png,24,43,val
val_00225_x0_y16.png,images/val/val_00225_x0_y16.png,0,16,val
val_00226_x49_y32.png,images/val/val_00226_x49_y32.png,49,32,val
val_00227_x10_y46.png,images/val/val_00227_x10_y46.png,10,46,val
val_00228_x13_y8.png,images/val/val_00228_x13_y8.png,13,8,val
val_00229_x45_y1.png,images/val/val_00229_x45_y1.png,45,1,val
val_00230_x45_y31.png,images/val/val_00230_x45_y31.png,45,31,val
val_00231_x30_y4.png,images/val/val_00231_x30_y4.png,30,4,val
val_00232_x19_y9.png,images/val/val_00232_x19_y9.png,19,9,val
val_00233_x15_y47.png,images/val/val_00233_x15_y47.png,15,47,val
val_00234_x4_y25.png,images/val/val_00234_x4_y25.png,4,25,val
val_00235_x41_y24.png,images/val/val_00235_x41_y24.png,41,24,val
val_00236_x35_y49.png,images/val/val_00236_x35_y49.png,35,49,val
val_00237_x49_y18.png,images/val/val_00237_x49_y18.png,49,18,val
val_00238_x41_y35.png,images/val/val_00238_x41_y35.png,41,35,val
val_00239_x33_y43.png,images/val/val_00239_x33_y43.png,33,43,val
val_00240_x20_y45.png,images/val/val_00240_x20_y45.png,20,45,val
val_00241_x9_y19.png,images/val/val_00241_x9_y19.png,9,19,val
val_00242_x19_y4.png,images/val/val_00242_x19_y4.png,19,4,val
val_00243_x49_y28.png,images/val/val_00243_x49_y28.png,49,28,val
val_00244_x12_y39.png,images/val/val_00244_x12_y39.png,12,39,val
val_00245_x46_y16.png,images/val/val_00245_x46_y16.png,46,16,val
val_00246_x24_y18.png,images/val/val_00246_x24_y18.png,24,18,val
val_00247_x23_y8.png,images/val/val_00247_x23_y8.png,23,8,val
val_00248_x28_y15.png,images/val/val_00248_x28_y15.png,28,15,val
val_00249_x45_y10.png,images/val/val_00249_x45_y10.png,45,10,val
test_00000_x30_y27.png,images/test/test_00000_x30_y27.png,30,27,test
test_00001_x49_y10.png,images/test/test_00001_x49_y10.png,49,10,test
test_00002_x26_y0.png,images/test/test_00002_x26_y0.png,26,0,test
test_00003_x47_y40.png,images/test/test_00003_x47_y40.png,47,40,test
test_00004_x32_y3.png,images/test/test_00004_x32_y3.png,32,3,test
test_00005_x3_y10.png,images/test/test_00005_x3_y10.png,3,10,test
test_00006_x34_y4.png,images/test/test_00006_x34_y4.png,34,4,test
test_00007_x19_y6.png,images/test/test_00007_x19_y6.png,19,6,test
test_00008_x48_y30.png,images/test/test_00008_x48_y30.png,48,30,test
test_00009_x17_y27.png,images/test/test_00009_x17_y27.png,17,27,test
test_00010_x38_y19.png,images/test/test_00010_x38_y19.png,38,19,test
test_00011_x37_y34.png,images/test/test_00011_x37_y34.png,37,34,test
test_00012_x44_y0.png,images/test/test_00012_x44_y0.png,44,0,test
test_00013_x1_y48.png,images/test/test_00013_x1_y48.png,1,48,test
test_00014_x47_y10.png,images/test/test_00014_x47_y10.png,47,10,test
test_00015_x5_y3.png,images/test/test_00015_x5_y3.png,5,3,test
test_00016_x2_y3.png,images/test/test_00016_x2_y3.png,2,3,test
test_00017_x28_y45.png,images/test/test_00017_x28_y45.png,28,45,test
test_00018_x28_y43.png,images/test/test_00018_x28_y43.png,28,43,test
test_00019_x32_y48.png,images/test/test_00019_x32_y48.png,32,48,test
test_00020_x11_y36.png,images/test/test_00020_x11_y36.png,11,36,test
test_00021_x12_y27.png,images/test/test_00021_x12_y27.png,12,27,test
test_00022_x33_y46.png,images/test/test_00022_x33_y46.png,33,46,test
test_00023_x42_y1.png,images/test/test_00023_x42_y1.png,42,1,test
test_00024_x43_y49.png,images/test/test_00024_x43_y49.png,43,49,test
test_00025_x8_y3.png,images/test/test_00025_x8_y3.png,8,3,test
test_00026_x23_y4.png,images/test/test_00026_x23_y4.png,23,4,test
test_00027_x45_y5.png,images/test/test_00027_x45_y5.png,45,5,test
test_00028_x33_y32.png,images/test/test_00028_x33_y32.png,33,32,test
test_00029_x41_y6.png,images/test/test_00029_x41_y6.png,41,6,test
test_00030_x47_y23.png,images/test/test_00030_x47_y23.png,47,23,test
test_00031_x9_y2.png,images/test/test_00031_x9_y2.png,9,2,test
test_00032_x26_y27.png,images/test/test_00032_x26_y27.png,26,27,test
test_00033_x40_y49.png,images/test/test_00033_x40_y49.png,40,49,test
test_00034_x17_y30.png,images/test/test_00034_x17_y30.png,17,30,test
test_00035_x48_y32.png,images/test/test_00035_x48_y32.png,48,32,test
test_00036_x12_y23.png,images/test/test_00036_x12_y23.png,12,23,test
test_00037_x46_y11.png,images/test/test_00037_x46_y11.png,46,11,test
test_00038_x35_y37.png,images/test/test_00038_x35_y37.png,35,37,test
test_00039_x5_y12.png,images/test/test_00039_x5_y12.png,5,12,test
test_00040_x32_y34.png,images/test/test_00040_x32_y34.png,32,34,test
test_00041_x28_y38.png,images/test/test_00041_x28_y38.png,28,38,test
test_00042_x43_y48.png,images/test/test_00042_x43_y48.png,43,48,test
test_00043_x39_y19.png,images/test/test_00043_x39_y19.png,39,19,test
test_00044_x36_y2.png,images/test/test_00044_x36_y2.png,36,2,test
test_00045_x12_y40.png,images/test/test_00045_x12_y40.png,12,40,test
test_00046_x49_y8.png,images/test/test_00046_x49_y8.png,49,8,test
test_00047_x39_y9.png,images/test/test_00047_x39_y9.png,39,9,test
test_00048_x9_y38.png,images/test/test_00048_x9_y38.png,9,38,test
test_00049_x36_y43.png,images/test/test_00049_x36_y43.png,36,43,test
test_00050_x34_y34.png,images/test/test_00050_x34_y34.png,34,34,test
test_00051_x2_y46.png,images/test/test_00051_x2_y46.png,2,46,test
test_00052_x30_y34.png,images/test/test_00052_x30_y34.png,30,34,test
test_00053_x39_y36.png,images/test/test_00053_x39_y36.png,39,36,test
test_00054_x27_y19.png,images/test/test_00054_x27_y19.png,27,19,test
test_00055_x48_y47.png,images/test/test_00055_x48_y47.png,48,47,test
test_00056_x13_y9.png,images/test/test_00056_x13_y9.png,13,9,test
test_00057_x35_y44.png,images/test/test_00057_x35_y44.png,35,44,test
test_00058_x3_y36.png,images/test/test_00058_x3_y36.png,3,36,test
test_00059_x22_y47.png,images/test/test_00059_x22_y47.png,22,47,test
test_00060_x12_y8.png,images/test/test_00060_x12_y8.png,12,8,test
test_00061_x43_y41.png,images/test/test_00061_x43_y41.png,43,41,test
test_00062_x38_y30.png,images/test/test_00062_x38_y30.png,38,30,test
test_00063_x3_y47.png,images/test/test_00063_x3_y47.png,3,47,test
test_00064_x5_y43.png,images/test/test_00064_x5_y43.png,5,43,test
test_00065_x15_y16.png,images/test/test_00065_x15_y16.png,15,16,test
test_00066_x8_y0.png,images/test/test_00066_x8_y0.png,8,0,test
test_00067_x2_y22.png,images/test/test_00067_x2_y22.png,2,22,test
test_00068_x4_y2.png,images/test/test_00068_x4_y2.png,4,2,test
test_00069_x16_y35.png,images/test/test_00069_x16_y35.png,16,35,test
test_00070_x45_y44.png,images/test/test_00070_x45_y44.png,45,44,test
test_00071_x28_y39.png,images/test/test_00071_x28_y39.png,28,39,test
test_00072_x34_y33.png,images/test/test_00072_x34_y33.png,34,33,test
test_00073_x33_y45.png,images/test/test_00073_x33_y45.png,33,45,test
test_00074_x34_y7.png,images/test/test_00074_x34_y7.png,34,7,test
test_00075_x48_y28.png,images/test/test_00075_x48_y28.png,48,28,test
test_00076_x23_y3.png,images/test/test_00076_x23_y3.png,23,3,test
test_00077_x33_y11.png,images/test/test_00077_x33_y11.png,33,11,test
test_00078_x35_y9.png,images/test/test_00078_x35_y9.png,35,9,test
test_00079_x17_y4.png,images/test/test_00079_x17_y4.png,17,4,test
test_00080_x31_y39.png,images/test/test_00080_x31_y39.png,31,39,test
test_00081_x45_y17.png,images/test/test_00081_x45_y17.png,45,17,test
test_00082_x12_y41.png,images/test/test_00082_x12_y41.png,12,41,test
test_00083_x0_y1.png,images/test/test_00083_x0_y1.png,0,1,test
test_00084_x43_y10.png,images/test/test_00084_x43_y10.png,43,10,test
test_00085_x13_y48.png,images/test/test_00085_x13_y48.png,13,48,test
test_00086_x32_y36.png,images/test/test_00086_x32_y36.png,32,36,test
test_00087_x25_y41.png,images/test/test_00087_x25_y41.png,25,41,test
test_00088_x47_y32.png,images/test/test_00088_x47_y32.png,47,32,test
test_00089_x30_y20.png,images/test/test_00089_x30_y20.png,30,20,test
test_00090_x37_y3.png,images/test/test_00090_x37_y3.png,37,3,test
test_00091_x22_y36.png,images/test/test_00091_x22_y36.png,22,36,test
test_00092_x48_y15.png,images/test/test_00092_x48_y15.png,48,15,test
test_00093_x32_y31.png,images/test/test_00093_x32_y31.png,32,31,test
test_00094_x39_y48.png,images/test/test_00094_x39_y48.png,39,48,test
test_00095_x13_y13.png,images/test/test_00095_x13_y13.png,13,13,test
test_00096_x13_y33.png,images/test/test_00096_x13_y33.png,13,33,test
test_00097_x25_y7.png,images/test/test_00097_x25_y7.png,25,7,test
test_00098_x6_y17.png,images/test/test_00098_x6_y17.png,6,17,test
test_00099_x12_y48.png,images/test/test_00099_x12_y48.png,12,48,test
test_00100_x28_y34.png,images/test/test_00100_x28_y34.png,28,34,test
test_00101_x29_y29.png,images/test/test_00101_x29_y29.png,29,29,test
test_00102_x14_y9.png,images/test/test_00102_x14_y9.png,14,9,test
test_00103_x25_y32.png,images/test/test_00103_x25_y32.png,25,32,test
test_00104_x35_y18.png,images/test/test_00104_x35_y18.png,35,18,test
test_00105_x19_y22.png,images/test/test_00105_x19_y22.png,19,22,test
test_00106_x26_y6.png,images/test/test_00106_x26_y6.png,26,6,test
test_00107_x28_y0.png,images/test/test_00107_x28_y0.png,28,0,test
test_00108_x28_y8.png,images/test/test_00108_x28_y8.png,28,8,test
test_00109_x44_y37.png,images/test/test_00109_x44_y37.png,44,37,test
test_00110_x29_y46.png,images/test/test_00110_x29_y46.png,29,46,test
test_00111_x40_y38.png,images/test/test_00111_x40_y38.png,40,38,test
test_00112_x30_y29.png,images/test/test_00112_x30_y29.png,30,29,test
test_00113_x33_y13.png,images/test/test_00113_x33_y13.png,33,13,test
test_00114_x27_y4.png,images/test/test_00114_x27_y4.png,27,4,test
test_00115_x48_y38.png,images/test/test_00115_x48_y38.png,48,38,test
test_00116_x49_y4.png,images/test/test_00116_x49_y4.png,49,4,test
test_00117_x32_y43.png,images/test/test_00117_x32_y43.png,32,43,test
test_00118_x21_y1.png,images/test/test_00118_x21_y1.png,21,1,test
test_00119_x15_y45.png,images/test/test_00119_x15_y45.png,15,45,test
test_00120_x31_y47.png,images/test/test_00120_x31_y47.png,31,47,test
test_00121_x36_y19.png,images/test/test_00121_x36_y19.png,36,19,test
test_00122_x34_y22.png,images/test/test_00122_x34_y22.png,34,22,test
test_00123_x23_y33.png,images/test/test_00123_x23_y33.png,23,33,test
test_00124_x21_y9.png,images/test/test_00124_x21_y9.png,21,9,test
test_00125_x10_y40.png,images/test/test_00125_x10_y40.png,10,40,test
test_00126_x33_y28.png,images/test/test_00126_x33_y28.png,33,28,test
test_00127_x48_y6.png,images/test/test_00127_x48_y6.png,48,6,test
test_00128_x35_y7.png,images/test/test_00128_x35_y7.png,35,7,test
test_00129_x38_y23.png,images/test/test_00129_x38_y23.png,38,23,test
test_00130_x1_y45.png,images/test/test_00130_x1_y45.png,1,45,test
test_00131_x20_y20.png,images/test/test_00131_x20_y20.png,20,20,test
test_00132_x11_y13.png,images/test/test_00132_x11_y13.png,11,13,test
test_00133_x17_y13.png,images/test/test_00133_x17_y13.png,17,13,test
test_00134_x29_y34.png,images/test/test_00134_x29_y34.png,29,34,test
test_00135_x37_y31.png,images/test/test_00135_x37_y31.png,37,31,test
test_00136_x20_y38.png,images/test/test_00136_x20_y38.png,20,38,test
test_00137_x4_y6.png,images/test/test_00137_x4_y6.png,4,6,test
test_00138_x7_y42.png,images/test/test_00138_x7_y42.png,7,42,test
test_00139_x17_y20.png,images/test/test_00139_x17_y20.png,17,20,test
test_00140_x7_y47.png,images/test/test_00140_x7_y47.png,7,47,test
test_00141_x48_y0.png,images/test/test_00141_x48_y0.png,48,0,test
test_00142_x20_y28.png,images/test/test_00142_x20_y28.png,20,28,test
test_00143_x29_y35.png,images/test/test_00143_x29_y35.png,29,35,test
test_00144_x19_y10.png,images/test/test_00144_x19_y10.png,19,10,test
test_00145_x31_y20.png,images/test/test_00145_x31_y20.png,31,20,test
test_00146_x37_y45.png,images/test/test_00146_x37_y45.png,37,45,test
test_00147_x42_y46.png,images/test/test_00147_x42_y46.png,42,46,test
test_00148_x16_y4.png,images/test/test_00148_x16_y4.png,16,4,test
test_00149_x35_y1.png,images/test/test_00149_x35_y1.png,35,1,test
test_00150_x10_y2.png,images/test/test_00150_x10_y2.png,10,2,test
test_00151_x15_y29.png,images/test/test_00151_x15_y29.png,15,29,test
test_00152_x37_y13.png,images/test/test_00152_x37_y13.png,37,13,test
test_00153_x4_y0.png,images/test/test_00153_x4_y0.png,4,0,test
test_00154_x43_y32.png,images/test/test_00154_x43_y32.png,43,32,test
test_00155_x41_y38.png,images/test/test_00155_x41_y38.png,41,38,test
test_00156_x45_y28.png,images/test/test_00156_x45_y28.png,45,28,test
test_00157_x35_y46.png,images/test/test_00157_x35_y46.png,35,46,test
test_00158_x7_y28.png,images/test/test_00158_x7_y28.png,7,28,test
test_00159_x46_y36.png,images/test/test_00159_x46_y36.png,46,36,test
test_00160_x8_y18.png,images/test/test_00160_x8_y18.png,8,18,test
test_00161_x33_y48.png,images/test/test_00161_x33_y48.png,33,48,test
test_00162_x7_y41.png,images/test/test_00162_x7_y41.png,7,41,test
test_00163_x30_y22.png,images/test/test_00163_x30_y22.png,30,22,test
test_00164_x23_y12.png,images/test/test_00164_x23_y12.png,23,12,test
test_00165_x29_y45.png,images/test/test_00165_x29_y45.png,29,45,test
test_00166_x40_y27.png,images/test/test_00166_x40_y27.png,40,27,test
test_00167_x23_y2.png,images/test/test_00167_x23_y2.png,23,2,test
test_00168_x27_y17.png,images/test/test_00168_x27_y17.png,27,17,test
test_00169_x1_y14.png,images/test/test_00169_x1_y14.png,1,14,test
test_00170_x41_y12.png,images/test/test_00170_x41_y12.png,41,12,test
test_00171_x23_y30.png,images/test/test_00171_x23_y30.png,23,30,test
test_00172_x9_y42.png,images/test/test_00172_x9_y42.png,9,42,test
test_00173_x7_y29.png,images/test/test_00173_x7_y29.png,7,29,test
test_00174_x44_y35.png,images/test/test_00174_x44_y35.png,44,35,test
test_00175_x15_y13.png,images/test/test_00175_x15_y13.png,15,13,test
test_00176_x45_y14.png,images/test/test_00176_x45_y14.png,45,14,test
test_00177_x15_y41.png,images/test/test_00177_x15_y41.png,15,41,test
test_00178_x21_y26.png,images/test/test_00178_x21_y26.png,21,26,test
test_00179_x17_y28.png,images/test/test_00179_x17_y28.png,17,28,test
test_00180_x6_y37.png,images/test/test_00180_x6_y37.png,6,37,test
test_00181_x46_y43.png,images/test/test_00181_x46_y43.png,46,43,test
test_00182_x20_y16.png,images/test/test_00182_x20_y16.png,20,16,test
test_00183_x25_y25.png,images/test/test_00183_x25_y25.png,25,25,test
test_00184_x9_y5.png,images/test/test_00184_x9_y5.png,9,5,test
test_00185_x16_y15.png,images/test/test_00185_x16_y15.png,16,15,test
test_00186_x46_y17.png,images/test/test_00186_x46_y17.png,46,17,test
test_00187_x19_y45.png,images/test/test_00187_x19_y45.png,19,45,test
test_00188_x39_y31.png,images/test/test_00188_x39_y31.png,39,31,test
test_00189_x4_y1.png,images/test/test_00189_x4_y1.png,4,1,test
test_00190_x3_y11.png,images/test/test_00190_x3_y11.png,3,11,test
test_00191_x31_y29.png,images/test/test_00191_x31_y29.png,31,29,test
test_00192_x14_y2.png,images/test/test_00192_x14_y2.png,14,2,test
test_00193_x30_y0.png,images/test/test_00193_x30_y0.png,30,0,test
test_00194_x22_y29.png,images/test/test_00194_x22_y29.png,22,29,test
test_00195_x20_y21.png,images/test/test_00195_x20_y21.png,20,21,test
test_00196_x31_y35.png,images/test/test_00196_x31_y35.png,31,35,test
test_00197_x39_y5.png,images/test/test_00197_x39_y5.png,39,5,test
test_00198_x45_y3.png,images/test/test_00198_x45_y3.png,45,3,test
test_00199_x0_y34.png,images/test/test_00199_x0_y34.png,0,34,test
test_00200_x15_y25.png,images/test/test_00200_x15_y25.png,15,25,test
test_00201_x29_y28.png,images/test/test_00201_x29_y28.png,29,28,test
test_00202_x27_y40.png,images/test/test_00202_x27_y40.png,27,40,test
test_00203_x42_y39.png,images/test/test_00203_x42_y39.png,42,39,test
test_00204_x27_y13.png,images/test/test_00204_x27_y13.png,27,13,test
test_00205_x40_y41.png,images/test/test_00205_x40_y41.png,40,41,test
test_00206_x4_y41.png,images/test/test_00206_x4_y41.png,4,41,test
test_00207_x41_y11.png,images/test/test_00207_x41_y11.png,41,11,test
test_00208_x47_y13.png,images/test/test_00208_x47_y13.png,47,13,test
test_00209_x12_y0.png,images/test/test_00209_x12_y0.png,12,0,test
test_00210_x48_y35.png,images/test/test_00210_x48_y35.png,48,35,test
test_00211_x25_y47.png,images/test/test_00211_x25_y47.png,25,47,test
test_00212_x44_y14.png,images/test/test_00212_x44_y14.png,44,14,test
test_00213_x41_y18.png,images/test/test_00213_x41_y18.png,41,18,test
test_00214_x12_y46.png,images/test/test_00214_x12_y46.png,12,46,test
test_00215_x30_y28.png,images/test/test_00215_x30_y28.png,30,28,test
test_00216_x25_y17.png,images/test/test_00216_x25_y17.png,25,17,test
test_00217_x37_y49.png,images/test/test_00217_x37_y49.png,37,49,test
test_00218_x11_y12.png,images/test/test_00218_x11_y12.png,11,12,test
test_00219_x3_y39.png,images/test/test_00219_x3_y39.png,3,39,test
test_00220_x36_y6.png,images/test/test_00220_x36_y6.png,36,6,test
test_00221_x19_y25.png,images/test/test_00221_x19_y25.png,19,25,test
test_00222_x40_y47.png,images/test/test_00222_x40_y47.png,40,47,test
test_00223_x21_y32.png,images/test/test_00223_x21_y32.png,21,32,test
test_00224_x9_y24.png,images/test/test_00224_x9_y24.png,9,24,test
test_00225_x14_y47.png,images/test/test_00225_x14_y47.png,14,47,test
test_00226_x46_y0.png,images/test/test_00226_x46_y0.png,46,0,test
test_00227_x0_y21.png,images/test/test_00227_x0_y21.png,0,21,test
test_00228_x9_y9.png,images/test/test_00228_x9_y9.png,9,9,test
test_00229_x23_y34.png,images/test/test_00229_x23_y34.png,23,34,test
test_00230_x46_y24.png,images/test/test_00230_x46_y24.png,46,24,test
test_00231_x19_y5.png,images/test/test_00231_x19_y5.png,19,5,test
test_00232_x24_y15.png,images/test/test_00232_x24_y15.png,24,15,test
test_00233_x48_y33.png,images/test/test_00233_x48_y33.png,48,33,test
test_00234_x30_y15.png,images/test/test_00234_x30_y15.png,30,15,test
test_00235_x47_y41.png,images/test/test_00235_x47_y41.png,47,41,test
test_00236_x15_y19.png,images/test/test_00236_x15_y19.png,15,19,test
test_00237_x33_y35.png,images/test/test_00237_x33_y35.png,33,35,test
test_00238_x2_y30.png,images/test/test_00238_x2_y30.png,2,30,test
test_00239_x42_y35.png,images/test/test_00239_x42_y35.png,42,35,test
test_00240_x29_y32.png,images/test/test_00240_x29_y32.png,29,32,test
test_00241_x6_y30.png,images/test/test_00241_x6_y30.png,6,30,test
test_00242_x24_y38.png,images/test/test_00242_x24_y38.png,24,38,test
test_00243_x9_y16.png,images/test/test_00243_x9_y16.png,9,16,test
test_00244_x43_y19.png,images/test/test_00244_x43_y19.png,43,19,test
test_00245_x32_y38.png,images/test/test_00245_x32_y38.png,32,38,test
test_00246_x21_y45.png,images/test/test_00246_x21_y45.png,21,45,test
test_00247_x22_y30.png,images/test/test_00247_x22_y30.png,22,30,test
test_00248_x25_y44.png,images/test/test_00248_x25_y44.png,25,44,test
test_00249_x17_y10.png,images/test/test_00249_x17_y10.png,17,10,test
